id,nombre_actual,nombre_comercial,categoria_nueva,subcategoria,precio_costo,precio_publico,stock,activo,url
414,Bandera 90-60 sublimable,Bandera 90-60 sublimable,EMPRESAS Y EVENTOS,Eventos,69.0,172.5,1,True,https://disershop.com.uy/emprendedores/sublimables/textiles/bandera-90-60-sublimable
1967,Bandera Auto Frente,Bandera Auto Frente,EMPRESAS Y EVENTOS,Eventos,,,0,False,https://disershop.com.uy/reventa/banderas/políticas/bandera-auto-frente
419,Bandera Cuba Poliester 150-90,Bandera Cuba Poliester 150-90,EMPRESAS Y EVENTOS,Eventos,199.0,497.5,0,True,https://disershop.com.uy/cibermayorista-en-disershop/otros/bandera-cuba-poliester-150-90
420,Bandera De Auto Sublimable (SU-BANDAUTO),Bandera De Auto Sublimable (SU-BANDAUTO),EMPRESAS Y EVENTOS,Eventos,19.0,47.5,1,True,https://disershop.com.uy/sublimacion-todo/textiles/varios/bandera-de-auto-sublimable
421,Bandera Diversidad Poliester 150-90 (BI-POL150-DIVER),Bandera Diversidad Poliester 150-90 (BI-POL150-DIVER),EMPRESAS Y EVENTOS,Eventos,80.0,200.0,1,True,https://disershop.com.uy/reventa/banderas/mundo/bandera-diversidad-poliester-150-90
1968,Bandera Doritos 1.40x2.80,Bandera Doritos 1.40x2.80,EMPRESAS Y EVENTOS,Eventos,,,0,False,https://disershop.com.uy/bandera-doritos-1-40x2-80
422,Bandera España 150-90 (BI-POL150-ESP),Bandera España 150-90 (BI-POL150-ESP),EMPRESAS Y EVENTOS,Eventos,199.0,497.5,1,True,https://disershop.com.uy/reventa/banderas/mundo/bandera-españa-150-90
423,Bandera Francia 150-90 (BI-POL150-FRA),Bandera Francia 150-90 (BI-POL150-FRA),EMPRESAS Y EVENTOS,Eventos,199.0,497.5,0,True,https://disershop.com.uy/reventa/banderas/mundo/bandera-francia-150-90
424,Bandera Frente Amplio Poliester 150-90,Bandera Frente Amplio Poliester 150-90,EMPRESAS Y EVENTOS,Eventos,99.0,247.5,1,True,https://disershop.com.uy/reventa/banderas/políticas/bandera-frente-amplio-poliester-150-90
425,Bandera Gran Bretaña 150-90 (BI-POL150-GRBR),Bandera Gran Bretaña 150-90 (BI-POL150-GRBR),EMPRESAS Y EVENTOS,Eventos,199.0,497.5,1,True,https://disershop.com.uy/reventa/banderas/mundo/bandera-gran-bretaña-150-90
426,Bandera Israel 150-90 (BI-POL150-ISR),Bandera Israel 150-90 (BI-POL150-ISR),EMPRESAS Y EVENTOS,Eventos,199.0,497.5,1,True,https://disershop.com.uy/reventa/banderas/mundo/bandera-israel-150-90
427,Bandera Italia 150-90 (BI-POL150-ITALI),Bandera Italia 150-90 (BI-POL150-ITALI),EMPRESAS Y EVENTOS,Eventos,199.0,497.5,0,True,https://disershop.com.uy/reventa/banderas/mundo/bandera-italia-150-90
1969,Bandera Lays 1.40x2.80,Bandera Lays 1.40x2.80,EMPRESAS Y EVENTOS,Eventos,,,0,False,https://disershop.com.uy/bandera-lays-1-40x2-80
1971,Bandera Lubricantes Texaco,Bandera Lubricantes Texaco,EMPRESAS Y EVENTOS,Eventos,,,0,False,https://disershop.com.uy/index.php?route=product/product&product_id=19107
428,Bandera Mexico 150-90 (BI-POL150-MEX),Bandera Mexico 150-90 (BI-POL150-MEX),EMPRESAS Y EVENTOS,Eventos,199.0,497.5,1,True,https://disershop.com.uy/reventa/banderas/mundo/bandera-mexico-150-90
434,Bandera Usa 150-90 (BI-POL150-USA),Bandera Usa 150-90 (BI-POL150-USA),EMPRESAS Y EVENTOS,Eventos,199.0,497.5,1,True,https://disershop.com.uy/reventa/banderas/mundo/bandera-usa-150-90
1976,Bandera Viva 1.20x2.40 modelo 1,Bandera Viva 1.20x2.40 modelo 1,EMPRESAS Y EVENTOS,Eventos,,,0,False,https://disershop.com.uy/index.php?route=product/product&product_id=19018
1977,Bandera Viva 1.20x2.40 modelo 2,Bandera Viva 1.20x2.40 modelo 2,EMPRESAS Y EVENTOS,Eventos,,,0,False,https://disershop.com.uy/index.php?route=product/product&product_id=19104
1978,Bandera acodike 2.8x1.3,Bandera acodike 2.8x1.3,EMPRESAS Y EVENTOS,Eventos,,,0,False,https://disershop.com.uy/bandera-acodike-2-8x1-3
1984,Bandera auto vamos pedro m1,Bandera auto vamos pedro m1,EMPRESAS Y EVENTOS,Eventos,,,0,False,https://disershop.com.uy/bandera-auto-vamos-pedro-m1
1985,Bandera auto vamos pedro m2,Bandera auto vamos pedro m2,EMPRESAS Y EVENTOS,Eventos,,,0,False,https://disershop.com.uy/bandera-auto-vamos-pedro-m2
436,Bandera frente amplio franjas 150-90,Bandera frente amplio franjas 150-90,EMPRESAS Y EVENTOS,Eventos,99.0,247.5,1,True,https://disershop.com.uy/reventa/banderas/políticas/bandera-frente-amplio-franjas-150-90
1987,Bandera frente amplio tejida 150-90,Bandera frente amplio tejida 150-90,EMPRESAS Y EVENTOS,Eventos,,,0,False,https://disershop.com.uy/bandera-frente-amplio-tejida-150-90
1998,Bandera vamos pedro m1,Bandera vamos pedro m1,EMPRESAS Y EVENTOS,Eventos,,,0,False,https://disershop.com.uy/bandera-vamos-pedro-m1
1999,Bandera vamos pedro m2,Bandera vamos pedro m2,EMPRESAS Y EVENTOS,Eventos,,,0,False,https://disershop.com.uy/bandera-vamos-pedro-m2
2000,Bandera vamos pedro m3,Bandera vamos pedro m3,EMPRESAS Y EVENTOS,Eventos,,,0,False,https://disershop.com.uy/index.php?route=product/product&product_id=20541
437,Bandera venezuela poliester 150-90,Bandera venezuela poliester 150-90,EMPRESAS Y EVENTOS,Eventos,199.0,497.5,0,True,https://disershop.com.uy/bandera-venezuela-poliester-150-90-1
2001,Banderas de satin juego de 3 uy tt ar,Banderas de satin juego de 3 uy tt ar,EMPRESAS Y EVENTOS,Eventos,,,0,False,https://disershop.com.uy/index.php?route=product/product&product_id=20537
2002,Banderin nacional,Banderin nacional,EMPRESAS Y EVENTOS,Eventos,,,0,False,https://disershop.com.uy/index.php?route=product/product&product_id=20622
642,Camiseta Bandera Uy Azul,Camiseta Bandera Uy Azul,EMPRESAS Y EVENTOS,Eventos,399.0,997.5,1,True,https://disershop.com.uy/vestimenta/deporte/vestimenta-futbol/uruguay-todo/camiseta-bandera-uy-azul
643,Camiseta Bandera Uy Blanco,Camiseta Bandera Uy Blanco,EMPRESAS Y EVENTOS,Eventos,399.0,997.5,1,True,https://disershop.com.uy/vestimenta/deporte/vestimenta-futbol/uruguay-todo/camiseta-bandera-uy-blanco
644,Camiseta Bandera Uy Celeste,Camiseta Bandera Uy Celeste,EMPRESAS Y EVENTOS,Eventos,399.0,997.5,1,True,https://disershop.com.uy/vestimenta/deporte/vestimenta-futbol/uruguay-todo/camiseta-bandera-uy-celeste
645,Camiseta Bandera Uy Negro,Camiseta Bandera Uy Negro,EMPRESAS Y EVENTOS,Eventos,399.0,997.5,1,True,https://disershop.com.uy/vestimenta/deporte/vestimenta-futbol/uruguay-todo/camiseta-bandera-uy-negro
663,Camiseta Dama Bandera Uy Azul,Camiseta Dama Bandera Uy Azul,EMPRESAS Y EVENTOS,Eventos,349.0,872.5,1,True,https://disershop.com.uy/vestimenta/deporte/vestimenta-futbol/uruguay-todo/camiseta-dama-bandera-uy-azul
664,Camiseta Dama Bandera Uy Blanco,Camiseta Dama Bandera Uy Blanco,EMPRESAS Y EVENTOS,Eventos,349.0,872.5,1,True,https://disershop.com.uy/vestimenta/deporte/vestimenta-futbol/uruguay-todo/camiseta-dama-bandera-uy-blanco
665,Camiseta Dama Bandera Uy Celeste,Camiseta Dama Bandera Uy Celeste,EMPRESAS Y EVENTOS,Eventos,349.0,872.5,1,True,https://disershop.com.uy/vestimenta/deporte/vestimenta-futbol/uruguay-todo/camiseta-dama-bandera-uy-celeste
666,Camiseta Dama Bandera Uy Negro,Camiseta Dama Bandera Uy Negro,EMPRESAS Y EVENTOS,Eventos,349.0,872.5,1,True,https://disershop.com.uy/vestimenta/deporte/vestimenta-futbol/uruguay-todo/camiseta-dama-bandera-uy-negro
1413,"Medalla N°10 6,5x7,5cm 5 Unidades","Medalla N°10 6,5x7,5cm 5 Unidades",EMPRESAS Y EVENTOS,Eventos,79.0,197.5,0,True,https://disershop.com.uy/emprendedores/sublimables/mdf/medalla-n°10-6-5x7-5cm-5-unidades
1414,"Medalla N°6 6,5x8cm 5 Unidades","Medalla N°6 6,5x8cm 5 Unidades",EMPRESAS Y EVENTOS,Eventos,79.0,197.5,0,True,https://disershop.com.uy/emprendedores/sublimables/mdf/medalla-n°6-6-5x8cm-5-unidades
1415,"Medalla Rectangular 6x9,5cm 5 Unidades","Medalla Rectangular 6x9,5cm 5 Unidades",EMPRESAS Y EVENTOS,Eventos,79.0,197.5,0,True,https://disershop.com.uy/emprendedores/sublimables/mdf/medalla-rectangular-6x9-5cm-5-unidades
1416,Medalla Redonda 7cm 5 Unidades,Medalla Redonda 7cm 5 Unidades,EMPRESAS Y EVENTOS,Eventos,79.0,197.5,0,True,https://disershop.com.uy/emprendedores/sublimables/mdf/medalla-redonda-7cm-5-unidades
2534,Mini Topper Circular 10 unidades,Mini Topper Circular 10 unidades,EMPRESAS Y EVENTOS,Eventos,,,0,False,https://disershop.com.uy/emprendedores/sublimables/mdf/mini-topper-circular-10-unidades
1431,Mini Topper Corazon 10 unidades,Mini Topper Corazon 10 unidades,EMPRESAS Y EVENTOS,Eventos,149.0,372.5,0,True,https://disershop.com.uy/emprendedores/sublimables/mdf/mini-topper-corazon-10-unidades
1615,Porta Bandera Vela Gota 4 Mts (PB-VELAGOTA-4),Porta Bandera Vela Gota 4 Mts (PB-VELAGOTA-4),EMPRESAS Y EVENTOS,Eventos,3290.0,8225.0,0,True,https://disershop.com.uy/emprendedores/portabanner/porta-bandera-vela-gota-4-mts
1620,Porta bandera vela gota 3 mts,Porta bandera vela gota 3 mts,EMPRESAS Y EVENTOS,Eventos,2990.0,7475.0,0,True,https://disershop.com.uy/emprendedores/portabanner/porta-bandera-vela-gota-3-mts
1632,"Prendedor Circular 3,5cm 50 unidades","Prendedor Circular 3,5cm 50 unidades",EMPRESAS Y EVENTOS,Eventos,449.0,1122.5,0,True,https://disershop.com.uy/emprendedores/sublimables/mdf/prendedor-circular-3-5cm-50-unidades
1633,"Prendedor Circular 4,5cm 50 unidades","Prendedor Circular 4,5cm 50 unidades",EMPRESAS Y EVENTOS,Eventos,499.0,1247.5,0,True,https://disershop.com.uy/emprendedores/sublimables/mdf/prendedor-circular-4-5cm-50-unidades
1881,Topper para Torta N°1 5 unidades,Topper para Torta N°1 5 unidades,EMPRESAS Y EVENTOS,Eventos,349.0,872.5,1,True,https://disershop.com.uy/emprendedores/sublimables/mdf/topper-para-torta-n°1-5-unidades
1882,Trofeo 15x12cm 5 Unidades,Trofeo 15x12cm 5 Unidades,EMPRESAS Y EVENTOS,Eventos,299.0,747.5,0,True,https://disershop.com.uy/emprendedores/sublimables/mdf/trofeo-15x12cm-5-unidades
2376,Destapador - Escudo Madera Cristal,Destapador - Escudo Madera Cristal,EMPRESAS Y EVENTOS,Merchandising,,,1,False,https://disershop.com.uy/emprendedores/sublimables/mdf/destapador-escudo-mdf
1058,Destapador Madera Cristal sub. 10x25cm,Destapador Madera Cristal sub. 10x25cm,EMPRESAS Y EVENTOS,Merchandising,199.0,497.5,0,True,https://disershop.com.uy/emprendedores/sublimables/mdf/destapador-mdf-sub-10x25cm
1059,Destapador de Pared,Destapador de Pared,EMPRESAS Y EVENTOS,Merchandising,129.0,322.5,0,True,https://disershop.com.uy/sublimacion-todo/kit-cervecero/destapador-de-pared
1060,Destapador sublimable de acero inoxidable 3.8x7cm,Destapador sublimable de acero inoxidable 3.8x7cm,EMPRESAS Y EVENTOS,Merchandising,49.0,122.5,0,True,https://disershop.com.uy/emprendedores/sublimables/metálicos/destapador-sublimable-de-acero-inoxidable-3-8x7cm
1449,Molde Armado Pin 37Mm (PIN-MO37),Molde Armado Pin 37Mm (PIN-MO37),EMPRESAS Y EVENTOS,Merchandising,5590.0,13975.0,1,True,https://disershop.com.uy/cibermayorista-en-disershop/10-off/molde-armado-pin-37mm
1454,Mouse Pad 20Cms Diametro (SU-MP20D),Mouse Pad 20Cms Diametro (SU-MP20D),EMPRESAS Y EVENTOS,Merchandising,25.0,62.5,0,True,https://disershop.com.uy/emprendedores/sublimables/textiles/mouse-pad-20cms-diametro
1455,Mouse Pad 3 Mm (SU-MP),Mouse Pad 3 Mm (SU-MP),EMPRESAS Y EVENTOS,Merchandising,25.0,62.5,1,True,https://disershop.com.uy/emprendedores/sublimables/textiles/mouse-pad-3-mm
1456,Mouse Pad Sublimable 60x35cm,Mouse Pad Sublimable 60x35cm,EMPRESAS Y EVENTOS,Merchandising,99.0,247.5,0,True,https://disershop.com.uy/emprendedores/sublimables/mouse-pad-60x35cm
2541,Mousepad c/ apoya muu00f1eca,Mousepad c/ apoya muñeca,EMPRESAS Y EVENTOS,Merchandising,,,0,False,https://disershop.com.uy/sublimacion-todo?product_id=19167
1581,Pin 44 Mm Magnético (PIN-B44MA),Pin 44 Mm Magnético (PIN-B44MA),EMPRESAS Y EVENTOS,Merchandising,18.0,45.0,1,True,https://disershop.com.uy/cibermayorista-en-disershop/monitores/pin-44-mm-magnético
1582,Pin 56 Mm Espejo (PIN-B56ESP),Pin 56 Mm Espejo (PIN-B56ESP),EMPRESAS Y EVENTOS,Merchandising,13.0,32.5,1,True,https://disershop.com.uy/cibermayorista-en-disershop/10-off/pin-56-mm-espejo
1583,Pin 56 Mm Goma (PIN-B56GOMA),Pin 56 Mm Goma (PIN-B56GOMA),EMPRESAS Y EVENTOS,Merchandising,14.0,35.0,1,True,https://disershop.com.uy/cibermayorista-en-disershop/10-off/pin-56-mm-goma
1585,Pin 56Mm Magnetic (PIN-B56MAG),Pin 56Mm Magnetic (PIN-B56MAG),EMPRESAS Y EVENTOS,Merchandising,20.0,50.0,1,True,https://disershop.com.uy/cibermayorista-en-disershop/10-off/pin-56mm-magnetic
1586,Pin 75 mm espejo petaca,Pin 75 mm espejo petaca,EMPRESAS Y EVENTOS,Merchandising,100.0,250.0,0,True,https://disershop.com.uy/cibermayorista-en-disershop/monitores/pin-75mm-espejo-petaca-x10-unidades
1587,Pin Boton 37 Mm (PIN-B37),Pin Boton 37 Mm (PIN-B37),EMPRESAS Y EVENTOS,Merchandising,6.0,15.0,1,True,https://disershop.com.uy/cibermayorista-en-disershop/10-off/pin-boton-37-mm
1588,Pin Boton 44 Mm (PIN-B44),Pin Boton 44 Mm (PIN-B44),EMPRESAS Y EVENTOS,Merchandising,6.0,15.0,1,True,https://disershop.com.uy/cibermayorista-en-disershop/10-off/pin-boton-44-mm
1589,Pin Boton 56 Mm (PIN-B56),Pin Boton 56 Mm (PIN-B56),EMPRESAS Y EVENTOS,Merchandising,7.0,17.5,1,True,https://disershop.com.uy/cibermayorista-en-disershop/10-off/pin-boton-56-mm
1590,Pin Magnetico Con Destapador 56Mm (PIN-DESMG56),Pin Magnetico Con Destapador 56Mm (PIN-DESMG56),EMPRESAS Y EVENTOS,Merchandising,30.0,75.0,1,True,https://disershop.com.uy/cibermayorista-en-disershop/10-off/pin-magnetico-con-destapador-56mm
1591,Pin Rectangular Magnetico 54X78 (PIN-APMG5478),Pin Rectangular Magnetico 54X78 (PIN-APMG5478),EMPRESAS Y EVENTOS,Merchandising,10.0,25.0,1,True,https://disershop.com.uy/cibermayorista-en-disershop/10-off/pin-rectangular-magnetico-54x78-mm
458,Bolsa Algodón 37x41cm Wharf 10 Unidades Amarillo,Bolsa Algodón 37x41cm Wharf 10 Unidades Amarillo,EMPRESAS Y EVENTOS,Promocionales,690.0,1725.0,0,True,https://disershop.com.uy/productos/vestimenta/bolsos-y-mochilas/bolsas/string-bag-37x41cm-wharf-10-unidades-amarillo
2012,Bolsa Algodón 37x41cm Wharf 10 Unidades Azul,Bolsa Algodón 37x41cm Wharf 10 Unidades Azul,EMPRESAS Y EVENTOS,Promocionales,,,0,False,https://disershop.com.uy/productos/vestimenta/bolsos-y-mochilas/bolsas/string-bag-37x41cm-wharf-10-unidades-azul
2013,Bolsa Algodón 37x41cm Wharf 10 Unidades Blanco,Bolsa Algodón 37x41cm Wharf 10 Unidades Blanco,EMPRESAS Y EVENTOS,Promocionales,,,0,False,https://disershop.com.uy/productos/vestimenta/bolsos-y-mochilas/bolsas/string-bag-37x41cm-wharf-10-unidades-blanco
2014,Bolsa Algodón 37x41cm Wharf 10 Unidades Negro,Bolsa Algodón 37x41cm Wharf 10 Unidades Negro,EMPRESAS Y EVENTOS,Promocionales,,,0,False,https://disershop.com.uy/productos/vestimenta/bolsos-y-mochilas/bolsas/string-bag-37x41cm-wharf-10-unidades-negro
2015,Bolsa Algodón 37x41cm Wharf 10 Unidades Rojo,Bolsa Algodón 37x41cm Wharf 10 Unidades Rojo,EMPRESAS Y EVENTOS,Promocionales,,,0,False,https://disershop.com.uy/productos/vestimenta/bolsos-y-mochilas/bolsas/string-bag-37x41cm-wharf-10-unidades-rojo
2016,Bolsa Algodón 37x41cm Wharf 10 Unidades Verde,Bolsa Algodón 37x41cm Wharf 10 Unidades Verde,EMPRESAS Y EVENTOS,Promocionales,,,0,False,https://disershop.com.uy/productos/vestimenta/bolsos-y-mochilas/bolsas/string-bag-37x41cm-wharf-10-unidades-verde
2017,Bolsa Be Fresh,Bolsa Be Fresh,EMPRESAS Y EVENTOS,Promocionales,,,0,False,https://disershop.com.uy/index.php?route=product/product&product_id=19583
2018,Bolsa Camiseta TNT 30x60x10cm,Bolsa Camiseta TNT 30x60x10cm,EMPRESAS Y EVENTOS,Promocionales,,,0,False,https://disershop.com.uy/productos/vestimenta/bolsos-y-mochilas?product_id=21198
459,Bolsa Mochila (34X42) (IN-BAG-STING),Bolsa Mochila (34X42) (IN-BAG-STING),EMPRESAS Y EVENTOS,Promocionales,39.0,97.5,1,True,https://disershop.com.uy/productos/vestimenta/bolsos-y-mochilas/sting-bag-34x42
460,Bolsa Mochila 35x41cm Carnaby 10 Unidades Azul marino,Bolsa Mochila 35x41cm Carnaby 10 Unidades Azul marino,EMPRESAS Y EVENTOS,Promocionales,390.0,975.0,0,True,https://disershop.com.uy/productos/vestimenta/bolsos-y-mochilas/bolsas/sting-bag-35x41cm-carnaby-10-unidades-azul-marino
2019,Bolsa Mochila 35x41cm Carnaby 10 Unidades Blanco,Bolsa Mochila 35x41cm Carnaby 10 Unidades Blanco,EMPRESAS Y EVENTOS,Promocionales,,,0,False,https://disershop.com.uy/productos/vestimenta/bolsos-y-mochilas/bolsas/sting-bag-35x41cm-carnaby-10-unidades-blanco
461,Bolsa Mochila 35x41cm Carnaby 10 Unidades Naranja,Bolsa Mochila 35x41cm Carnaby 10 Unidades Naranja,EMPRESAS Y EVENTOS,Promocionales,390.0,975.0,0,True,https://disershop.com.uy/productos/vestimenta/bolsos-y-mochilas/bolsas/sting-bag-35x41cm-carnaby-10-unidades-naranja
462,Bolsa Mochila 35x41cm Carnaby 10 Unidades Negro,Bolsa Mochila 35x41cm Carnaby 10 Unidades Negro,EMPRESAS Y EVENTOS,Promocionales,390.0,975.0,0,True,https://disershop.com.uy/productos/vestimenta/bolsos-y-mochilas/bolsas/string-bag-35x41cm-carnaby-10-unidades-negro
463,Bolsa Mochila 35x41cm Carnaby 10 Unidades Rojo,Bolsa Mochila 35x41cm Carnaby 10 Unidades Rojo,EMPRESAS Y EVENTOS,Promocionales,390.0,975.0,1,True,https://disershop.com.uy/productos/vestimenta/bolsos-y-mochilas/bolsas/sting-bag-35x41cm-carnaby-10-unidades-rojo
464,Bolsa Mochila 35x41cm Carnaby 10 Unidades Rosa,Bolsa Mochila 35x41cm Carnaby 10 Unidades Rosa,EMPRESAS Y EVENTOS,Promocionales,390.0,975.0,1,True,https://disershop.com.uy/productos/vestimenta/bolsos-y-mochilas/bolsas/sting-bag-35x41cm-carnaby-10-unidades-rosa
465,Bolsa Mochila 35x41cm Carnaby 10 Unidades Verde claro,Bolsa Mochila 35x41cm Carnaby 10 Unidades Verde claro,EMPRESAS Y EVENTOS,Promocionales,390.0,975.0,0,True,https://disershop.com.uy/productos/vestimenta/bolsos-y-mochilas/bolsas/sting-bag-35x41cm-carnaby-10-unidades-verde-claro
466,Bolsa Mochila Rock 34x42,Bolsa Mochila Rock 34x42,EMPRESAS Y EVENTOS,Promocionales,39.0,97.5,1,True,https://disershop.com.uy/productos/vestimenta/bolsos-y-mochilas/bolsa-mochila-rock-34x42
467,Bolsa Mochila TNT 37x41cm 10 Unidades Negro,Bolsa Mochila TNT 37x41cm 10 Unidades Negro,EMPRESAS Y EVENTOS,Promocionales,390.0,975.0,0,True,https://disershop.com.uy/productos/vestimenta/bolsos-y-mochilas/bolsas/sting-bag-37x41cm-boxp-10-unidades-negro
468,Bolsa Sublimable Eco 39x36cm,Bolsa Sublimable Eco 39x36cm,EMPRESAS Y EVENTOS,Promocionales,199.0,497.5,1,True,https://disershop.com.uy/emprendedores/sublimables/textiles/bolsa-sublimable-eco-39x36cm
2020,Bolsa TNT Disershop 50x45cm Azul,Bolsa TNT Disershop 50x45cm Azul,EMPRESAS Y EVENTOS,Promocionales,,,1,False,https://disershop.com.uy/productos/vestimenta/bolsos-y-mochilas?product_id=21082
2021,Bolsa TNT La Especialista 48x34cm,Bolsa TNT La Especialista 48x34cm,EMPRESAS Y EVENTOS,Promocionales,,,0,False,https://disershop.com.uy/productos/vestimenta/bolsos-y-mochilas?product_id=21083
469,Bolsa de algodon YU169 38x42cm Blanco,Bolsa de algodon YU169 38x42cm Blanco,EMPRESAS Y EVENTOS,Promocionales,89.0,222.5,1,True,https://disershop.com.uy/productos/vestimenta/bolsos-y-mochilas/bolsa-de-algodon-yu169-38x42cm-blanco
470,Bolsa de algodon YU169 38x42cm Negro,Bolsa de algodon YU169 38x42cm Negro,EMPRESAS Y EVENTOS,Promocionales,89.0,222.5,1,True,https://disershop.com.uy/productos/vestimenta/bolsos-y-mochilas/bolsa-de-algodon-yu169-38x42cm-negro
2022,Bolsa de algodón 37x41cm Bondi 10 Unidades Natural,Bolsa de algodón 37x41cm Bondi 10 Unidades Natural,EMPRESAS Y EVENTOS,Promocionales,,,0,False,https://disershop.com.uy/productos/vestimenta/bolsos-y-mochilas/bolsa-de-algodón-37x41cm-bondi-10-unidades-natural
2023,Bolsa de algodón 37x41cm Regent 10 Unidades Natural,Bolsa de algodón 37x41cm Regent 10 Unidades Natural,EMPRESAS Y EVENTOS,Promocionales,,,0,False,https://disershop.com.uy/productos/vestimenta/bolsos-y-mochilas/bolsas/bolsa-de-algodón-37x41cm-regent-10-unidades-natural
471,Bolsa de algodón YU169 38x42cm,Bolsa de algodón YU169 38x42cm,EMPRESAS Y EVENTOS,Promocionales,79.0,197.5,1,True,https://disershop.com.uy/productos/vestimenta/bolsos-y-mochilas/bolsas/bolsa-de-algodón-yu169-38x42cm
2024,Bolsa para Carro,Bolsa para Carro,EMPRESAS Y EVENTOS,Promocionales,,,0,False,https://disershop.com.uy/productos/vestimenta/bolsos-y-mochilas?product_id=18665
472,Bolsa sublimable para compras,Bolsa sublimable para compras,EMPRESAS Y EVENTOS,Promocionales,39.0,97.5,0,True,https://disershop.com.uy/emprendedores/sublimables/textiles/bolsa-sublimable-para-compras
2025,Bolsas tela-tnt,Bolsas tela-tnt,EMPRESAS Y EVENTOS,Promocionales,,,0,False,https://disershop.com.uy/index.php?route=product/product&product_id=19109
2026,Bolso Mochila Algodon 25x35cm,Bolso Mochila Algodon 25x35cm,EMPRESAS Y EVENTOS,Promocionales,,,0,False,https://disershop.com.uy/productos/vestimenta/bolsos-y-mochilas/bolsas/bolso-mochila-algodon-25x35cm
479,Bolso Mochila Algodon 40x37cm,Bolso Mochila Algodon 40x37cm,EMPRESAS Y EVENTOS,Promocionales,99.0,247.5,1,True,https://disershop.com.uy/productos/vestimenta/bolsos-y-mochilas/bolsas/bolso-mochila-algodon-40x37cm
480,Bolso Yute 07 Grande Liso (BOI-YU07),Bolso Yute 07 Grande Liso (BOI-YU07),EMPRESAS Y EVENTOS,Promocionales,179.0,447.5,1,True,https://disershop.com.uy/productos/vestimenta/bolsos-y-mochilas/bolsas/bolso-yute-07-grande-liso
482,Bolso Yute 107 Torres (BOI-YU107),Bolso Yute 107 Torres (BOI-YU107),EMPRESAS Y EVENTOS,Promocionales,199.0,497.5,1,True,https://disershop.com.uy/estampados/turismo/bolsos/bolso-yute-107-torres
484,Bolso Yute 112 Mapa (BOI-YU112),Bolso Yute 112 Mapa (BOI-YU112),EMPRESAS Y EVENTOS,Promocionales,189.0,472.5,1,True,https://disershop.com.uy/estampados/turismo/bolsos/bolso-yute-112-mapa
485,Bolso Yute 116 Blanco (BOI-YU116),Bolso Yute 116 Blanco (BOI-YU116),EMPRESAS Y EVENTOS,Promocionales,199.0,497.5,1,True,https://disershop.com.uy/estampados/turismo/bolsos/bolso-yute-116-blanco
486,Bolso Yute 124 Torres Color (BOI-YU124),Bolso Yute 124 Torres Color (BOI-YU124),EMPRESAS Y EVENTOS,Promocionales,229.0,572.5,1,True,https://disershop.com.uy/estampados/turismo/bolsos/bolso-yute-124-torres-color
488,Bolso Yute 186 23x36x11cm MVD,Bolso Yute 186 23x36x11cm MVD,EMPRESAS Y EVENTOS,Promocionales,249.0,622.5,1,True,https://disershop.com.uy/productos/vestimenta/bolsos-y-mochilas/bolso-yute-186-23x36x11cm-mvd
489,Bolso Yute 186 23x36x11cm PDE,Bolso Yute 186 23x36x11cm PDE,EMPRESAS Y EVENTOS,Promocionales,249.0,622.5,1,True,https://disershop.com.uy/productos/vestimenta/bolsos-y-mochilas/bolso-yute-186-23x36x11cm-pde
490,Bolso Yute 186 23x36x11cm UY,Bolso Yute 186 23x36x11cm UY,EMPRESAS Y EVENTOS,Promocionales,249.0,622.5,1,True,https://disershop.com.uy/productos/vestimenta/bolsos-y-mochilas/bolso-yute-186-23x36x11cm-uy
491,Bolso Yute Canva 177 36x56x15cm,Bolso Yute Canva 177 36x56x15cm,EMPRESAS Y EVENTOS,Promocionales,179.0,447.5,1,True,https://disershop.com.uy/estampados/turismo/bolsos/bolso-yute-canva-177-36x56x15cm
2027,Bolso Yute Canva 178 35x48x15cm,Bolso Yute Canva 178 35x48x15cm,EMPRESAS Y EVENTOS,Promocionales,,,0,False,https://disershop.com.uy/index.php?route=product/product&product_id=21842
492,Bolso Yute Canva 179 25x30x15cm,Bolso Yute Canva 179 25x30x15cm,EMPRESAS Y EVENTOS,Promocionales,159.0,397.5,0,True,https://disershop.com.uy/productos/vestimenta/bolsos-y-mochilas/bolso-yute-canva-179-25x30x15cm
493,Bolso Yute Canva 180 36x43x16cm,Bolso Yute Canva 180 36x43x16cm,EMPRESAS Y EVENTOS,Promocionales,249.0,622.5,1,True,https://disershop.com.uy/productos/vestimenta/bolsos-y-mochilas/bolso-yute-canva-180-36x43x16cm
494,Bolso Yute Canva 181 41x36x15cm Amarillo,Bolso Yute Canva 181 41x36x15cm Amarillo,EMPRESAS Y EVENTOS,Promocionales,179.0,447.5,1,True,https://disershop.com.uy/productos/vestimenta/bolsos-y-mochilas/bolso-yute-canva-181-41x36x15cm-amarillo
495,Bolso Yute Canva 181 41x36x15cm Manzana,Bolso Yute Canva 181 41x36x15cm Manzana,EMPRESAS Y EVENTOS,Promocionales,179.0,447.5,1,True,https://disershop.com.uy/productos/vestimenta/bolsos-y-mochilas/bolso-yute-canva-181-41x36x15cm-manzana
496,Bolso Yute Canva 181 41x36x15cm Naranja,Bolso Yute Canva 181 41x36x15cm Naranja,EMPRESAS Y EVENTOS,Promocionales,179.0,447.5,1,True,https://disershop.com.uy/productos/vestimenta/bolsos-y-mochilas/bolso-yute-canva-181-41x36x15cm-naranja
497,Bolso Yute Canva 181 41x36x15cm Turquesa,Bolso Yute Canva 181 41x36x15cm Turquesa,EMPRESAS Y EVENTOS,Promocionales,179.0,447.5,1,True,https://disershop.com.uy/productos/vestimenta/bolsos-y-mochilas/bolso-yute-canva-181-41x36x15cm-turquesa
498,Bolso Yute Canva 181 41x36x15cm Violeta,Bolso Yute Canva 181 41x36x15cm Violeta,EMPRESAS Y EVENTOS,Promocionales,179.0,447.5,1,True,https://disershop.com.uy/estampados/turismo/bolsos/bolso-yute-canva-181-41x36x15cm-violeta
501,Bolso Yute Deco 42x36x15cm Pun. del Este,Bolso Yute Deco 42x36x15cm Pun. del Este,EMPRESAS Y EVENTOS,Promocionales,249.0,622.5,0,True,https://disershop.com.uy/productos/vestimenta/accesorios/semiejes-y-homocinéticas/bolso-yute-canva-182-42x36x15cm-pun-del-este
2028,Bolso liso c/bolsillo 505,Bolso liso c/bolsillo 505,EMPRESAS Y EVENTOS,Promocionales,,,0,False,https://disershop.com.uy/vestimenta/accesorios-bolsos/bolso-liso-c-bolsillo-505
2029,Bolso mochila nacional,Bolso mochila nacional,EMPRESAS Y EVENTOS,Promocionales,,,0,False,https://disershop.com.uy/index.php?route=product/product&product_id=20636
2030,Bolso yute 102 love negro,Bolso yute 102 love negro,EMPRESAS Y EVENTOS,Promocionales,,,0,False,https://disershop.com.uy/index.php?route=product/product&product_id=21293
2031,Bolso yute 111 punta,Bolso yute 111 punta,EMPRESAS Y EVENTOS,Promocionales,,,0,False,https://disershop.com.uy/cibermayorista-en-disershop/otros/bolso-yute-111-punta
2033,Bolso yute 128 heart uy rojo,Bolso yute 128 heart uy rojo,EMPRESAS Y EVENTOS,Promocionales,,,0,False,https://disershop.com.uy/index.php?route=product/product&product_id=20852
2034,Bolso yute 129 heart uy natural,Bolso yute 129 heart uy natural,EMPRESAS Y EVENTOS,Promocionales,,,0,False,https://disershop.com.uy/index.php?route=product/product&product_id=20853
2035,Bolso yute asa algodon,Bolso yute asa algodon,EMPRESAS Y EVENTOS,Promocionales,,,0,False,https://disershop.com.uy/productos/vestimenta/bolsos-y-mochilas/bolsas/bolso-yute-asa-algodon
2036,Bolso yute beige asa marron,Bolso yute beige asa marron,EMPRESAS Y EVENTOS,Promocionales,,,0,False,https://disershop.com.uy/productos/vestimenta/bolsos-y-mochilas/bolso-yute-beige-asa-marron
2037,Bolso yute combinado,Bolso yute combinado,EMPRESAS Y EVENTOS,Promocionales,,,0,False,https://disershop.com.uy/productos/vestimenta/bolsos-y-mochilas/bolso-yute-combinado
2038,Bolso yute verde asa marron,Bolso yute verde asa marron,EMPRESAS Y EVENTOS,Promocionales,,,0,False,https://disershop.com.uy/productos/vestimenta/bolsos-y-mochilas/bolso-yute-verde-asa-marron
968,Cartuchera Sublimable Eco 21x17cm,Cartuchera Sublimable Eco 21x17cm,EMPRESAS Y EVENTOS,Promocionales,99.0,247.5,0,True,https://disershop.com.uy/emprendedores/sublimables/textiles/cartuchera-sublimable-eco-21x17cm
969,"Cartuchera sublimable de lino 11,5cm x 22,5cm","Cartuchera sublimable de lino 11,5cm x 22,5cm",EMPRESAS Y EVENTOS,Promocionales,99.0,247.5,1,True,https://disershop.com.uy/sublimacion-todo/textiles/varios/cartuchera-sublimable-de-lino-11-5cm-x-22-5cm
1385,Lunchera 01 Azul Marino,Lunchera 01 Azul Marino,EMPRESAS Y EVENTOS,Promocionales,235.0,587.5,0,True,https://disershop.com.uy/productos/vestimenta/bolsos-y-mochilas/lunchera-01-azul-marino-1
1386,Lunchera 01 Blanco,Lunchera 01 Blanco,EMPRESAS Y EVENTOS,Promocionales,235.0,587.5,1,True,https://disershop.com.uy/productos/vestimenta/bolsos-y-mochilas/lunchera-01-blanco
1387,Lunchera 01 Gris,Lunchera 01 Gris,EMPRESAS Y EVENTOS,Promocionales,235.0,587.5,0,True,https://disershop.com.uy/productos/vestimenta/bolsos-y-mochilas/lunchera-01-gris
1388,Lunchera 01 Negro,Lunchera 01 Negro,EMPRESAS Y EVENTOS,Promocionales,235.0,587.5,1,True,https://disershop.com.uy/productos/vestimenta/bolsos-y-mochilas/lunchera-01-negro
1389,Lunchera 02 Azul Marino,Lunchera 02 Azul Marino,EMPRESAS Y EVENTOS,Promocionales,369.0,922.5,0,True,https://disershop.com.uy/productos/vestimenta/bolsos-y-mochilas/lunchera-02-azul-marino-1
1390,Lunchera 02 Negro,Lunchera 02 Negro,EMPRESAS Y EVENTOS,Promocionales,369.0,922.5,0,True,https://disershop.com.uy/productos/vestimenta/bolsos-y-mochilas/lunchera-02-negro
2508,Lunchera 3d nacional,Lunchera 3d nacional,EMPRESAS Y EVENTOS,Promocionales,,,0,False,https://disershop.com.uy/index.php?route=product/product&product_id=20604
1391,Lunchera DSR62 Gris,Lunchera DSR62 Gris,EMPRESAS Y EVENTOS,Promocionales,149.0,372.5,0,True,https://disershop.com.uy/lunchera-dsr62-gris
1392,Lunchera Neopreno (RF-LUNCHERA),Lunchera Neopreno (RF-LUNCHERA),EMPRESAS Y EVENTOS,Promocionales,249.0,622.5,0,True,https://disershop.com.uy/productos/vestimenta/accesorios/lunchera-neopreno
1393,Lunchera dsr62 rosado,Lunchera dsr62 rosado,EMPRESAS Y EVENTOS,Promocionales,149.0,372.5,0,True,https://disershop.com.uy/lunchera-dsr62-rosada
2509,Lunchera dsr63 negro,Lunchera dsr63 negro,EMPRESAS Y EVENTOS,Promocionales,,,0,False,https://disershop.com.uy/index.php?route=product/product&product_id=19918
1432,Mochila Ejecutiva E102,Mochila Ejecutiva E102,EMPRESAS Y EVENTOS,Promocionales,599.0,1497.5,1,True,https://disershop.com.uy/productos/vestimenta/bolsos-y-mochilas/mochilas/mochila-ejecutiva-e102
1433,Mochila Ejecutiva para Notebook Negra,Mochila Ejecutiva para Notebook Negra,EMPRESAS Y EVENTOS,Promocionales,589.0,1472.5,1,True,https://disershop.com.uy/productos/vestimenta/bolsos-y-mochilas/mochila-ejecutiva-para-notebook-negra
1435,Mochila Mi Casual Daypack Naranja,Mochila Mi Casual Daypack Naranja,EMPRESAS Y EVENTOS,Promocionales,389.0,972.5,0,True,https://disershop.com.uy/diserhome-productos/diserhome-electro/diserhome-xiaomi/mochila-mi-casual-daypack-naranja
1436,Mochila Mi Casual Daypack Rosado,Mochila Mi Casual Daypack Rosado,EMPRESAS Y EVENTOS,Promocionales,389.0,972.5,0,True,https://disershop.com.uy/diserhome-productos/diserhome-electro/diserhome-xiaomi/mochila-mi-casual-daypack-rosado
1437,Mochila Mi Casual Daypack Turquesa,Mochila Mi Casual Daypack Turquesa,EMPRESAS Y EVENTOS,Promocionales,389.0,972.5,0,True,https://disershop.com.uy/diserhome-productos/diserhome-electro/diserhome-xiaomi/mochila-mi-casual-daypack-turquesa
2536,Mochila Premium PB-954 Negro,Mochila Premium PB-954 Negro,EMPRESAS Y EVENTOS,Promocionales,,,0,False,https://disershop.com.uy/productos/vestimenta/bolsos-y-mochilas?product_id=20303
1438,Mochila Travel Azul Francia,Mochila Travel Azul Francia,EMPRESAS Y EVENTOS,Promocionales,299.0,747.5,0,True,https://disershop.com.uy/productos/vestimenta/bolsos-y-mochilas/mochilas/mochila-travel-azul-francia-1
1439,Mochila Travel Azul Marino,Mochila Travel Azul Marino,EMPRESAS Y EVENTOS,Promocionales,299.0,747.5,0,True,https://disershop.com.uy/productos/vestimenta/bolsos-y-mochilas/mochilas/mochila-travel-azul-marino
1440,Mochila Travel Blanco,Mochila Travel Blanco,EMPRESAS Y EVENTOS,Promocionales,299.0,747.5,0,True,https://disershop.com.uy/productos/vestimenta/bolsos-y-mochilas/mochilas/mochila-travel-blanco
1441,Mochila Travel Gris,Mochila Travel Gris,EMPRESAS Y EVENTOS,Promocionales,299.0,747.5,0,True,https://disershop.com.uy/productos/vestimenta/bolsos-y-mochilas/mochilas/mochila-travel-gris
1442,Mochila Travel Negro,Mochila Travel Negro,EMPRESAS Y EVENTOS,Promocionales,299.0,747.5,0,True,https://disershop.com.uy/productos/vestimenta/bolsos-y-mochilas/mochilas/mochila-travel-negro
1443,Mochila Travel Rojo,Mochila Travel Rojo,EMPRESAS Y EVENTOS,Promocionales,299.0,747.5,0,True,https://disershop.com.uy/productos/vestimenta/bolsos-y-mochilas/mochilas/mochila-travel-rojo
1444,Mochila Travel Verde,Mochila Travel Verde,EMPRESAS Y EVENTOS,Promocionales,299.0,747.5,0,True,https://disershop.com.uy/productos/vestimenta/bolsos-y-mochilas/mochilas/mochila-travel-verde
1445,Mochila Travel Verde Militar,Mochila Travel Verde Militar,EMPRESAS Y EVENTOS,Promocionales,299.0,747.5,1,True,https://disershop.com.uy/productos/vestimenta/bolsos-y-mochilas/mochilas/mochila-travel-verde-militar
2537,Mochila Urban para laptop,Mochila Urban para laptop,EMPRESAS Y EVENTOS,Promocionales,,,0,False,https://disershop.com.uy/index.php?route=product/product&product_id=19577
1446,Mochila Urbana U101,Mochila Urbana U101,EMPRESAS Y EVENTOS,Promocionales,399.0,997.5,1,True,https://disershop.com.uy/productos/vestimenta/bolsos-y-mochilas/mochilas/mochila-urbana-u101
1447,Mochila con bolsillo HY148,Mochila con bolsillo HY148,EMPRESAS Y EVENTOS,Promocionales,99.0,247.5,1,True,https://disershop.com.uy/productos/vestimenta/bolsos-y-mochilas/mochilas/mochila-con-bolsillo-hy148
1448,Mochila para Laptop HYI009,Mochila para Laptop HYI009,EMPRESAS Y EVENTOS,Promocionales,699.0,1747.5,0,True,https://disershop.com.uy/productos/vestimenta/bolsos-y-mochilas/mochilas/mochila-para-laptop-hyi009
2538,Monedero sublimable de lino 10cm x 15cm,Monedero sublimable de lino 10cm x 15cm,EMPRESAS Y EVENTOS,Promocionales,,,0,False,https://disershop.com.uy/sublimacion-todo/textiles/varios/monedero-sublimable-de-lino-10cm-x-15cm
2554,Neceser DSR64 Azul,Neceser DSR64 Azul,EMPRESAS Y EVENTOS,Promocionales,,,0,False,https://disershop.com.uy/neceser-dsr64-azul
1467,Neceser DSR64 Gris,Neceser DSR64 Gris,EMPRESAS Y EVENTOS,Promocionales,129.0,322.5,0,True,https://disershop.com.uy/neceser-dsr64-gris
1468,Neceser DSR64 Negro,Neceser DSR64 Negro,EMPRESAS Y EVENTOS,Promocionales,129.0,322.5,1,True,https://disershop.com.uy/neceser-dsr64-negro
2555,Neceser Rombos 18x10x10cm,Neceser Rombos 18x10x10cm,EMPRESAS Y EVENTOS,Promocionales,,,0,False,https://disershop.com.uy/index.php?route=product/product&product_id=20659
1469,Neceser Yute Canva 01 16x23cm,Neceser Yute Canva 01 16x23cm,EMPRESAS Y EVENTOS,Promocionales,69.0,172.5,0,True,https://disershop.com.uy/productos/vestimenta/bolsos-y-mochilas/neceser-yute-canva-01-16x23cm
1470,Neceser Yute Canva 02 24x7cm,Neceser Yute Canva 02 24x7cm,EMPRESAS Y EVENTOS,Promocionales,129.0,322.5,1,True,https://disershop.com.uy/bolsas-y-bolsos/neceser-yute-canva-02-24x7cm
1471,Neceser Yute Canva 03 21x31cm,Neceser Yute Canva 03 21x31cm,EMPRESAS Y EVENTOS,Promocionales,99.0,247.5,0,True,https://disershop.com.uy/bolsas-y-bolsos/neceser-yute-canva-03-21x31cm
1472,Necessaire sublimable de lino 15cm x 24cm,Necessaire sublimable de lino 15cm x 24cm,EMPRESAS Y EVENTOS,Promocionales,99.0,247.5,1,True,https://disershop.com.uy/emprendedores/sublimables/textiles/necessaire-sublimable-de-lino-15cm-x-24cm
1624,Portafolio 36x35x10cm Negro,Portafolio 36x35x10cm Negro,EMPRESAS Y EVENTOS,Promocionales,419.0,1047.5,1,True,https://disershop.com.uy/productos/vestimenta/accesorios/otros/corrector-kores-lìquido-pincel
2647,Riu00f1onera 01,Riñonera 01,EMPRESAS Y EVENTOS,Promocionales,,,0,False,https://disershop.com.uy/productos/vestimenta/bolsos-y-mochilas?product_id=20030
1683,Riñonera 102,Riñonera 102,EMPRESAS Y EVENTOS,Promocionales,229.0,572.5,0,True,https://disershop.com.uy/productos/vestimenta/bolsos-y-mochilas/riñonera-102
1684,Riñonera Tafeta 101 Negro,Riñonera Tafeta 101 Negro,EMPRESAS Y EVENTOS,Promocionales,79.0,197.5,1,True,https://disershop.com.uy/productos/vestimenta/bolsos-y-mochilas/riñonera-tafeta-101-negro
2648,Riñonera lisa c/bolsillo HYO001,Riñonera lisa c/bolsillo HYO001,EMPRESAS Y EVENTOS,Promocionales,,,0,False,https://disershop.com.uy/vestimenta/accesorios-bolsos/riñonera-lisa-c-bolsillo-hyo001
382,AZULEJO 4X4 (10x10),AZULEJO 4X4 (10x10),HOGAR Y DECORACIÓN,Azulejos,29.0,72.5,1,True,https://disershop.com.uy/emprendedores/sublimables/azulejos/azulejo-4x4-10x10
383,AZULEJO 6X6 (15x15),AZULEJO 6X6 (15x15),HOGAR Y DECORACIÓN,Azulejos,39.0,97.5,1,True,https://disershop.com.uy/emprendedores/sublimables/azulejos/azulejo-6x6-15x15
384,AZULEJO 8X12 (20x30),AZULEJO 8X12 (20x30),HOGAR Y DECORACIÓN,Azulejos,99.0,247.5,1,True,https://disershop.com.uy/emprendedores/sublimables/azulejos/azulejo-8x12-20x30
390,Azulejo 19.3x16.2cm,Azulejo 19.3x16.2cm,HOGAR Y DECORACIÓN,Azulejos,89.0,222.5,0,True,https://disershop.com.uy/sublimacion-todo/sets-de-juego-para-vehículos/azulejo-19-3x16-2cm
391,Azulejo 20x15cm,Azulejo 20x15cm,HOGAR Y DECORACIÓN,Azulejos,59.0,147.5,0,True,https://disershop.com.uy/sublimacion-todo/azulejos/azulejo-20x15cm
392,Azulejo 22x13cm,Azulejo 22x13cm,HOGAR Y DECORACIÓN,Azulejos,59.0,147.5,1,True,https://disershop.com.uy/sublimacion-todo/sets-de-juego-para-vehículos/azulejo-22x13cm
393,Azulejo 24x18cm,Azulejo 24x18cm,HOGAR Y DECORACIÓN,Azulejos,99.0,247.5,1,True,https://disershop.com.uy/sublimacion-todo/sets-de-juego-para-vehículos/azulejo-24x18cm
1950,Azulejo 6 fotoluminicente,Azulejo 6 fotoluminicente,HOGAR Y DECORACIÓN,Azulejos,,,0,False,https://disershop.com.uy/emprendedores/sublimables/azulejos/azulejo-6-fotoluminicente
394,Azulejo 6x8 (15 x 20),Azulejo 6x8 (15 x 20),HOGAR Y DECORACIÓN,Azulejos,59.0,147.5,1,True,https://disershop.com.uy/emprendedores/sublimables/azulejos/azulejo-6x8-15-x-20
395,Azulejo 8x10 (20x25),Azulejo 8x10 (20x25),HOGAR Y DECORACIÓN,Azulejos,79.0,197.5,1,True,https://disershop.com.uy/emprendedores/sublimables/azulejos/azulejo-8x10-20x25
396,Azulejo Corazon 15x15cm,Azulejo Corazon 15x15cm,HOGAR Y DECORACIÓN,Azulejos,89.0,222.5,0,True,https://disershop.com.uy/sublimacion-todo/sets-de-juego-para-vehículos/azulejo-corazon-15x15cm
397,Azulejo Cuadrado 5X5 Iman (SU-AZ14002-I),Azulejo Cuadrado 5X5 Iman (SU-AZ14002-I),HOGAR Y DECORACIÓN,Azulejos,29.0,72.5,0,True,https://disershop.com.uy/emprendedores/sublimables/azulejos/azulejo-cuadrado-5x5-iman
398,Azulejo Engranaje 7.2 Iman (SU-AZ14008-I),Azulejo Engranaje 7.2 Iman (SU-AZ14008-I),HOGAR Y DECORACIÓN,Azulejos,35.0,87.5,0,True,https://disershop.com.uy/emprendedores/sublimables/azulejos/azulejo-engranaje-7-2-iman
399,Azulejo Estampilla 6X8 Iman (SU-AZ14001-I),Azulejo Estampilla 6X8 Iman (SU-AZ14001-I),HOGAR Y DECORACIÓN,Azulejos,35.0,87.5,0,True,https://disershop.com.uy/emprendedores/sublimables/azulejos/azulejo-estampilla-6x8-iman
400,Azulejo Irregular 16x16cm,Azulejo Irregular 16x16cm,HOGAR Y DECORACIÓN,Azulejos,89.0,222.5,1,True,https://disershop.com.uy/sublimacion-todo/sets-de-juego-para-vehículos/azulejo-irregular-16x16cm
401,Azulejo Irregular 20x15cm,Azulejo Irregular 20x15cm,HOGAR Y DECORACIÓN,Azulejos,99.0,247.5,0,True,https://disershop.com.uy/sublimacion-todo/sets-de-juego-para-vehículos/azulejo-irregular-20x15cm
1951,Azulejo Oval 6X8 Iman (SU-AZ14009-I),Azulejo Oval 6X8 Iman (SU-AZ14009-I),HOGAR Y DECORACIÓN,Azulejos,,,0,False,https://disershop.com.uy/emprendedores/sublimables/azulejos/azulejo-oval-6x8-iman
402,Azulejo Pergamino 21x14.5cm,Azulejo Pergamino 21x14.5cm,HOGAR Y DECORACIÓN,Azulejos,99.0,247.5,0,True,https://disershop.com.uy/sublimacion-todo/sets-de-juego-para-vehículos/azulejo-pergamino-21x14-5cm
403,Azulejo con Iman 5.7x5.7cm,Azulejo con Iman 5.7x5.7cm,HOGAR Y DECORACIÓN,Azulejos,29.0,72.5,0,True,https://disershop.com.uy/sublimacion-todo/sets-de-juego-para-vehículos/azulejo-con-iman-5-7x5-7cm
404,Azulejo con Iman 7.5x7.5cm,Azulejo con Iman 7.5x7.5cm,HOGAR Y DECORACIÓN,Azulejos,29.0,72.5,0,True,https://disershop.com.uy/sublimacion-todo/sets-de-juego-para-vehículos/azulejo-con-iman-7-5x7-5cm
405,Azulejo con Iman 7x5cm,Azulejo con Iman 7x5cm,HOGAR Y DECORACIÓN,Azulejos,29.0,72.5,0,True,https://disershop.com.uy/sublimacion-todo/sets-de-juego-para-vehículos/azulejo-con-iman-7x5cm
406,Azulejo con Iman 8x6cm,Azulejo con Iman 8x6cm,HOGAR Y DECORACIÓN,Azulejos,29.0,72.5,0,True,https://disershop.com.uy/sublimacion-todo/azulejos/azulejo-con-iman-8x6cm
407,Azulejo con Iman Circular 8cm,Azulejo con Iman Circular 8cm,HOGAR Y DECORACIÓN,Azulejos,29.0,72.5,0,True,https://disershop.com.uy/sublimacion-todo/sets-de-juego-para-vehículos/azulejo-con-iman-circular-8cm
408,Azulejo con Iman Corazon 6.5x6.5cm,Azulejo con Iman Corazon 6.5x6.5cm,HOGAR Y DECORACIÓN,Azulejos,29.0,72.5,0,True,https://disershop.com.uy/sublimacion-todo/sets-de-juego-para-vehículos/azulejo-con-iman-corazon-6-5x6-5cm
409,Azulejo con Iman Irregular 5.7x5.7cm,Azulejo con Iman Irregular 5.7x5.7cm,HOGAR Y DECORACIÓN,Azulejos,29.0,72.5,0,True,https://disershop.com.uy/sublimacion-todo/sets-de-juego-para-vehículos/azulejo-con-iman-irregular-5-7x5-7cm
410,Azulejo con Imán Irregular 8x8cm,Azulejo con Imán Irregular 8x8cm,HOGAR Y DECORACIÓN,Azulejos,29.0,72.5,0,True,https://disershop.com.uy/sublimacion-todo/sets-de-juego-para-vehículos/azulejo-con-iman-irregular-8x6cm
411,Azulejo con Marco 20x15cm,Azulejo con Marco 20x15cm,HOGAR Y DECORACIÓN,Azulejos,99.0,247.5,0,True,https://disershop.com.uy/sublimacion-todo/sets-de-juego-para-vehículos/azulejo-con-marco-20x15cm
412,Azulejo15x15cm,Azulejo15x15cm,HOGAR Y DECORACIÓN,Azulejos,59.0,147.5,1,True,https://disershop.com.uy/sublimacion-todo/sets-de-juego-para-vehículos/azulejo15x15cm
1398,"Marco Para Azulejo N4 4,25","Marco Para Azulejo N4 4,25",HOGAR Y DECORACIÓN,Azulejos,149.0,372.5,0,True,https://disershop.com.uy/emprendedores/sublimables/azulejos/marco-para-azulejo-n4-4-25
1399,Marco Para Azulejo N6 6,Marco Para Azulejo N6 6,HOGAR Y DECORACIÓN,Azulejos,159.0,397.5,1,True,https://disershop.com.uy/sublimacion-todo/azulejos/marco-para-azulejo-n6-6
1041,Cuadro Madera Cristal sub. c/marco p/colgar 13x18cm,Cuadro Madera Cristal sub. c/marco p/colgar 13x18cm,HOGAR Y DECORACIÓN,Cuadros,99.0,247.5,0,True,https://disershop.com.uy/emprendedores/sublimables/mdf/cuadro-mdf-sub-c-marco-p-colgar-13x18cm
1042,Cuadro Madera Cristal sub. c/marco p/colgar Colonia 13x18cm,Cuadro Madera Cristal sub. c/marco p/colgar Colonia 13x18cm,HOGAR Y DECORACIÓN,Cuadros,199.0,497.5,1,True,https://disershop.com.uy/emprendedores/sublimables/mdf/cuadro-mdf-sub-c-marco-p-colgar-colonia-13x18cm
1043,Cuadro Madera Cristal sub. c/marco p/colgar Montevideo 13x18cm,Cuadro Madera Cristal sub. c/marco p/colgar Montevideo 13x18cm,HOGAR Y DECORACIÓN,Cuadros,199.0,497.5,1,True,https://disershop.com.uy/emprendedores/sublimables/mdf/cuadro-mdf-sub-c-marco-p-colgar-montevideo-13x18cm
1044,Cuadro Madera Cristal sub. c/marco p/colgar Punta del Este 13x18cm,Cuadro Madera Cristal sub. c/marco p/colgar Punta del Este 13x18cm,HOGAR Y DECORACIÓN,Cuadros,199.0,497.5,1,True,https://disershop.com.uy/emprendedores/sublimables/mdf/cuadro-mdf-sub-c-marco-p-colgar-punta-del-este-13x18cm
1232,Imán Holográfico Imprimible,Imán Holográfico Imprimible,HOGAR Y DECORACIÓN,Decoración,599.0,1497.5,1,True,https://disershop.com.uy/cibermayorista-en-disershop/10-off/imán-holográfico-imprimible
1612,Placa rectangular MDF Sub. c/imán 8x6cm 10 unidades,Placa rectangular MDF Sub. c/imán 8x6cm 10 unidades,HOGAR Y DECORACIÓN,Decoración,299.0,747.5,0,True,https://disershop.com.uy/emprendedores/sublimables/mdf/placa-rectangular-mdf-sub-c-imán-8x6cm-10-unidades
1613,Placa redonda MDF Sub. c/imán 8cm 10 unidades,Placa redonda MDF Sub. c/imán 8cm 10 unidades,HOGAR Y DECORACIÓN,Decoración,299.0,747.5,1,True,https://disershop.com.uy/emprendedores/sublimables/mdf/placa-redonda-mdf-sub-c-imán-8cm-10-unidades
388,Agenda Perpetua Tapa Tela Sublimable,Agenda Perpetua Tapa Tela Sublimable,PAPELERÍA PERSONALIZADA,Agendas,199.0,497.5,1,True,https://disershop.com.uy/emprendedores/sublimables/cartulina-cristal/agenda-perpetua-tapa-tela-sublimable
448,Block Lapicera 12.5X7.5 583 Azul,Block Lapicera 12.5X7.5 583 Azul,PAPELERÍA PERSONALIZADA,Cuadernos,49.0,122.5,0,True,https://disershop.com.uy/cibermayorista-en-disershop/10-off/block-lapicera-12-5x7-5-583-azul
449,Block Lapicera 12.5X7.5 583 Negro,Block Lapicera 12.5X7.5 583 Negro,PAPELERÍA PERSONALIZADA,Cuadernos,49.0,122.5,1,True,https://disershop.com.uy/cibermayorista-en-disershop/10-off/block-lapicera-12-5x7-5-583-negro
450,Block Lapicera 12.5X7.5 583 Rojo,Block Lapicera 12.5X7.5 583 Rojo,PAPELERÍA PERSONALIZADA,Cuadernos,49.0,122.5,0,True,https://disershop.com.uy/cibermayorista-en-disershop/10-off/block-lapicera-12-5x7-5-583-rojo
451,Block Lapicera 12.5X7.5 583 Verde,Block Lapicera 12.5X7.5 583 Verde,PAPELERÍA PERSONALIZADA,Cuadernos,49.0,122.5,1,True,https://disershop.com.uy/cibermayorista-en-disershop/10-off/block-lapicera-12-5x7-5-583-verde
2010,Block Milka,Block Milka,PAPELERÍA PERSONALIZADA,Cuadernos,,,0,False,https://disershop.com.uy/sublimacion-todo?product_id=19296
1039,Cuaderno Lapicera c/corcho,Cuaderno Lapicera c/corcho,PAPELERÍA PERSONALIZADA,Cuadernos,169.0,422.5,1,True,https://disershop.com.uy/cibermayorista-en-disershop/10-off/cuaderno-lapicera-c-corcho
2329,Cuaderno Recycle,Cuaderno Recycle,PAPELERÍA PERSONALIZADA,Cuadernos,,,0,False,https://disershop.com.uy/sublimacion-todo?product_id=19292
1040,Cuaderno Sublimable A5 Tapa Blanda,Cuaderno Sublimable A5 Tapa Blanda,PAPELERÍA PERSONALIZADA,Cuadernos,149.0,372.5,0,True,https://disershop.com.uy/emprendedores/sublimables/cartulina-cristal/cuaderno-sublimable-a5-tapa-blanda
2330,Cuadernola Picasso 96 hojas,Cuadernola Picasso 96 hojas,PAPELERÍA PERSONALIZADA,Cuadernos,,,0,False,https://disershop.com.uy/index.php?route=product/product&product_id=18259
2451,Kit Block Libreta Post-it Lapicera 5 Unidades,Kit Block Libreta Post-it Lapicera 5 Unidades,PAPELERÍA PERSONALIZADA,Cuadernos,,,0,False,https://disershop.com.uy/cibermayorista-en-disershop/10-off/kit-block-post-it-lapicera-5-unidades
2452,Kit Libreta Post-it Lapicera 5 Unidades,Kit Libreta Post-it Lapicera 5 Unidades,PAPELERÍA PERSONALIZADA,Libretas,,,0,False,https://disershop.com.uy/empresariales-promocionales/libretas-y-cuadernos/kit-cuaderno-post-it-lapicera
1309,Kit Post-it Lapicera eco 5 Unidades,Kit Post-it Lapicera eco 5 Unidades,PAPELERÍA PERSONALIZADA,Libretas,195.0,487.5,0,True,https://disershop.com.uy/cibermayorista-en-disershop/10-off/kit-post-it-lapicera-eco-5-unidades
2493,Libreta Corcho A5,Libreta Corcho A5,PAPELERÍA PERSONALIZADA,Libretas,,,0,False,https://disershop.com.uy/sublimacion-todo?product_id=19294
2494,Libreta Eco Corcho / PU A5,Libreta Eco Corcho / PU A5,PAPELERÍA PERSONALIZADA,Libretas,,,0,False,https://disershop.com.uy/sublimacion-todo?product_id=19290
2495,Libreta Kraft,Libreta Kraft,PAPELERÍA PERSONALIZADA,Libretas,,,0,False,https://disershop.com.uy/sublimacion-todo?product_id=19291
2496,Libreta Lapicera Elastico 5 Unidades Azul,Libreta Lapicera Elastico 5 Unidades Azul,PAPELERÍA PERSONALIZADA,Libretas,,,0,False,https://disershop.com.uy/empresariales-promocionales/libreta-lapicera-elastico-5-unidades-azul-1
1377,Libreta Lapicera Elastico 5 Unidades Blanco,Libreta Lapicera Elastico 5 Unidades Blanco,PAPELERÍA PERSONALIZADA,Libretas,299.0,747.5,0,True,https://disershop.com.uy/empresariales-promocionales/libreta-lapicera-elastico-5-unidades-blanco
1378,Libreta Lapicera Elastico 5 Unidades Verde,Libreta Lapicera Elastico 5 Unidades Verde,PAPELERÍA PERSONALIZADA,Libretas,299.0,747.5,0,True,https://disershop.com.uy/empresariales-promocionales/libretas-y-cuadernos/libreta-lapicera-elastico-5-unidades-verde
1311,Lapicera Bamboo Plata,Lapicera Bamboo Plata,PAPELERÍA PERSONALIZADA,Otros,17.0,42.5,1,True,https://disershop.com.uy/cibermayorista-en-disershop/10-off/lapicera-bamboo-plata
2455,Lapicera LS523 Blanca,Lapicera LS523 Blanca,PAPELERÍA PERSONALIZADA,Otros,,,0,False,https://disershop.com.uy/productos/productos-lapiceras/lapicera-ls523-blanca
2456,Lapicera LS528 Blanca mostrador,Lapicera LS528 Blanca mostrador,PAPELERÍA PERSONALIZADA,Otros,,,0,False,https://disershop.com.uy/emprendedores/lapiceras-promocionales/lapicera-ls528-blanca-mostrador-1
2457,Lapicera LS544 Rojo,Lapicera LS544 Rojo,PAPELERÍA PERSONALIZADA,Otros,,,0,False,https://disershop.com.uy/emprendedores/lapiceras-promocionales/lapicera-ls544-rojo
1312,Lapicera LS547 Celeste,Lapicera LS547 Celeste,PAPELERÍA PERSONALIZADA,Otros,13.0,32.5,0,True,https://disershop.com.uy/emprendedores/lapiceras-promocionales/lapicera-ls547-celeste
1313,Lapicera LS547 Rojo,Lapicera LS547 Rojo,PAPELERÍA PERSONALIZADA,Otros,13.0,32.5,0,True,https://disershop.com.uy/emprendedores/lapiceras-promocionales/lapicera-ls547-rojo
1314,Lapicera LS547 Rosado,Lapicera LS547 Rosado,PAPELERÍA PERSONALIZADA,Otros,13.0,32.5,0,True,https://disershop.com.uy/emprendedores/lapiceras-promocionales/lapicera-ls547-rosado
1315,Lapicera LS547 Verde,Lapicera LS547 Verde,PAPELERÍA PERSONALIZADA,Otros,13.0,32.5,0,True,https://disershop.com.uy/emprendedores/lapiceras-promocionales/lapicera-ls547-verde
2458,Lapicera LS562 Negro,Lapicera LS562 Negro,PAPELERÍA PERSONALIZADA,Otros,,,0,False,https://disershop.com.uy/productos/productos-lapiceras?product_id=21924
1316,Lapicera LS570 Metalica Negra,Lapicera LS570 Metalica Negra,PAPELERÍA PERSONALIZADA,Otros,26.0,65.0,0,True,https://disershop.com.uy/productos/productos-lapiceras?product_id=17591
2459,Lapicera LS570 Metalica Plata,Lapicera LS570 Metalica Plata,PAPELERÍA PERSONALIZADA,Otros,,,0,False,https://disershop.com.uy/productos/productos-lapiceras?product_id=17592
1317,Lapicera LS572 Azul,Lapicera LS572 Azul,PAPELERÍA PERSONALIZADA,Otros,12.0,30.0,1,True,https://disershop.com.uy/productos/productos-lapiceras?product_id=19092
1318,Lapicera LS572 Negro,Lapicera LS572 Negro,PAPELERÍA PERSONALIZADA,Otros,12.0,30.0,1,True,https://disershop.com.uy/productos/productos-lapiceras?product_id=19091
2460,Lapicera LS572 Violeta,Lapicera LS572 Violeta,PAPELERÍA PERSONALIZADA,Otros,,,0,False,https://disershop.com.uy/productos/productos-lapiceras?product_id=20031
2461,Lapicera LS574 Blanco,Lapicera LS574 Blanco,PAPELERÍA PERSONALIZADA,Otros,,,0,False,https://disershop.com.uy/productos/productos-lapiceras?product_id=17183
2462,Lapicera LS574 Naranja,Lapicera LS574 Naranja,PAPELERÍA PERSONALIZADA,Otros,,,0,False,https://disershop.com.uy/productos/productos-lapiceras?product_id=17184
2463,Lapicera LS575 Negro,Lapicera LS575 Negro,PAPELERÍA PERSONALIZADA,Otros,,,0,False,https://disershop.com.uy/productos/productos-lapiceras?product_id=17188
2464,Lapicera LS576 Negro,Lapicera LS576 Negro,PAPELERÍA PERSONALIZADA,Otros,,,0,False,https://disershop.com.uy/productos/productos-lapiceras?product_id=17189
2465,Lapicera LS577 Plata,Lapicera LS577 Plata,PAPELERÍA PERSONALIZADA,Otros,,,0,False,https://disershop.com.uy/productos/productos-lapiceras?product_id=17190
2466,Lapicera LS578 Blanco,Lapicera LS578 Blanco,PAPELERÍA PERSONALIZADA,Otros,,,0,False,https://disershop.com.uy/productos/productos-lapiceras?product_id=20032
2467,Lapicera LS578 Gris oscuro,Lapicera LS578 Gris oscuro,PAPELERÍA PERSONALIZADA,Otros,,,0,False,https://disershop.com.uy/productos/productos-lapiceras?product_id=17191
2468,Lapicera LS579 Plata,Lapicera LS579 Plata,PAPELERÍA PERSONALIZADA,Otros,,,0,False,https://disershop.com.uy/productos/productos-lapiceras?product_id=17192
1319,Lapicera LS581 Gris,Lapicera LS581 Gris,PAPELERÍA PERSONALIZADA,Otros,29.0,72.5,1,True,https://disershop.com.uy/emprendedores/lapiceras-promocionales/lapicera-ls581-gris
1320,Lapicera LS581 Negro,Lapicera LS581 Negro,PAPELERÍA PERSONALIZADA,Otros,29.0,72.5,1,True,https://disershop.com.uy/cibermayorista-en-disershop/10-off/lapicera-ls581-negro
1321,Lapicera LS582 Azul / Gris,Lapicera LS582 Azul / Gris,PAPELERÍA PERSONALIZADA,Otros,17.0,42.5,0,True,https://disershop.com.uy/cibermayorista-en-disershop/10-off/lapicera-ls582-azul-gris-1
1322,Lapicera LS582 Blanco / Plata,Lapicera LS582 Blanco / Plata,PAPELERÍA PERSONALIZADA,Otros,17.0,42.5,1,True,https://disershop.com.uy/cibermayorista-en-disershop/10-off/lapicera-ls582-blanco-plata
1323,Lapicera LS582 Gris / Gris Oscuro,Lapicera LS582 Gris / Gris Oscuro,PAPELERÍA PERSONALIZADA,Otros,17.0,42.5,0,True,https://disershop.com.uy/cibermayorista-en-disershop/10-off/lapicera-ls582-gris-gris-oscuro
1324,Lapicera LS582 Negro / Plata,Lapicera LS582 Negro / Plata,PAPELERÍA PERSONALIZADA,Otros,17.0,42.5,1,True,https://disershop.com.uy/cibermayorista-en-disershop/10-off/lapicera-ls582-negro-plata
2469,Lapicera LS586 Plata,Lapicera LS586 Plata,PAPELERÍA PERSONALIZADA,Otros,,,0,False,https://disershop.com.uy/productos/productos-lapiceras?product_id=17294
2470,Lapicera LS587 Azul,Lapicera LS587 Azul,PAPELERÍA PERSONALIZADA,Otros,,,0,False,https://disershop.com.uy/productos/productos-lapiceras?product_id=17320
2471,Lapicera LS587 Blanca,Lapicera LS587 Blanca,PAPELERÍA PERSONALIZADA,Otros,,,0,False,https://disershop.com.uy/productos/productos-lapiceras?product_id=17315
2472,Lapicera LS587 Negra,Lapicera LS587 Negra,PAPELERÍA PERSONALIZADA,Otros,,,0,False,https://disershop.com.uy/productos/productos-lapiceras?product_id=17321
2473,Lapicera LS587 Plata,Lapicera LS587 Plata,PAPELERÍA PERSONALIZADA,Otros,,,1,False,https://disershop.com.uy/productos/productos-lapiceras?product_id=19093
2474,Lapicera LS587 Roja,Lapicera LS587 Roja,PAPELERÍA PERSONALIZADA,Otros,,,0,False,https://disershop.com.uy/productos/productos-lapiceras?product_id=17317
2475,Lapicera LS587 Verde Ingles,Lapicera LS587 Verde Ingles,PAPELERÍA PERSONALIZADA,Otros,,,0,False,https://disershop.com.uy/productos/productos-lapiceras?product_id=17319
2476,Lapicera LS592 Negra,Lapicera LS592 Negra,PAPELERÍA PERSONALIZADA,Otros,,,0,False,https://disershop.com.uy/productos/productos-lapiceras?product_id=17316
2477,Lapicera LS593 Blanca,Lapicera LS593 Blanca,PAPELERÍA PERSONALIZADA,Otros,,,0,False,https://disershop.com.uy/productos/productos-lapiceras?product_id=17318
2478,Lapicera ME600 Gris,Lapicera ME600 Gris,PAPELERÍA PERSONALIZADA,Otros,,,0,False,https://disershop.com.uy/productos/productos-lapiceras?product_id=20692
2479,Lapicera ME600 Negro,Lapicera ME600 Negro,PAPELERÍA PERSONALIZADA,Otros,,,0,False,https://disershop.com.uy/productos/productos-lapiceras?product_id=20691
2480,Lapicera ME601 Blanco,Lapicera ME601 Blanco,PAPELERÍA PERSONALIZADA,Otros,,,0,False,https://disershop.com.uy/productos/productos-lapiceras?product_id=20693
2481,Lapicera ME601 Negro,Lapicera ME601 Negro,PAPELERÍA PERSONALIZADA,Otros,,,0,False,https://disershop.com.uy/productos/productos-lapiceras?product_id=20694
2482,Lapicera ME602 Azul,Lapicera ME602 Azul,PAPELERÍA PERSONALIZADA,Otros,,,0,False,https://disershop.com.uy/productos/productos-lapiceras?product_id=20696
2483,Lapicera ME604 Arquitectura,Lapicera ME604 Arquitectura,PAPELERÍA PERSONALIZADA,Otros,,,0,False,https://disershop.com.uy/productos/productos-lapiceras?product_id=20698
1325,Lapicera bamboo ls565,Lapicera bamboo ls565,PAPELERÍA PERSONALIZADA,Otros,29.0,72.5,1,True,https://disershop.com.uy/cibermayorista-en-disershop/10-off/lapicera-bamboo-ls565
1326,Lapicera eco ls560 beige,Lapicera eco ls560 beige,PAPELERÍA PERSONALIZADA,Otros,5.0,12.5,0,True,https://disershop.com.uy/productos/productos-lapiceras/lapicera-eco-ls560-beige
1327,Lapicera ls546 azul,Lapicera ls546 azul,PAPELERÍA PERSONALIZADA,Otros,17.0,42.5,0,True,https://disershop.com.uy/emprendedores/lapiceras-promocionales/lapicera-ls546-azul
1328,Lapicera ls546 naranja,Lapicera ls546 naranja,PAPELERÍA PERSONALIZADA,Otros,17.0,42.5,0,True,https://disershop.com.uy/emprendedores/lapiceras-promocionales/lapicera-ls546-naranja
1329,Lapicera ls547 azul,Lapicera ls547 azul,PAPELERÍA PERSONALIZADA,Otros,13.0,32.5,0,True,https://disershop.com.uy/emprendedores/lapiceras-promocionales/lapicera-ls547-azul
1330,Lapicera ls547 naranja,Lapicera ls547 naranja,PAPELERÍA PERSONALIZADA,Otros,13.0,32.5,0,True,https://disershop.com.uy/emprendedores/lapiceras-promocionales/lapicera-ls547-naranja
1331,Lapicera ls549 azul,Lapicera ls549 azul,PAPELERÍA PERSONALIZADA,Otros,17.0,42.5,0,True,https://disershop.com.uy/emprendedores/lapiceras-promocionales/lapicera-ls549-azul
1332,Lapicera ls550 azul,Lapicera ls550 azul,PAPELERÍA PERSONALIZADA,Otros,12.0,30.0,1,True,https://disershop.com.uy/cibermayorista-en-disershop/10-off/lapicera-ls550-azul
1333,Lapicera ls550 blanco,Lapicera ls550 blanco,PAPELERÍA PERSONALIZADA,Otros,12.0,30.0,1,True,https://disershop.com.uy/cibermayorista-en-disershop/10-off/lapicera-ls550-blanco
1334,Lapicera ls550 negro,Lapicera ls550 negro,PAPELERÍA PERSONALIZADA,Otros,12.0,30.0,1,True,https://disershop.com.uy/cibermayorista-en-disershop/10-off/lapicera-ls550-negro
1335,Lapicera ls550 rojo,Lapicera ls550 rojo,PAPELERÍA PERSONALIZADA,Otros,12.0,30.0,1,True,https://disershop.com.uy/cibermayorista-en-disershop/10-off/lapicera-ls550-rojo
2485,Lapicera ls551 azul,Lapicera ls551 azul,PAPELERÍA PERSONALIZADA,Otros,,,0,False,https://disershop.com.uy/emprendedores/lapiceras-promocionales/lapicera-ls551-azul-1
1336,Lapicera ls551 blanco,Lapicera ls551 blanco,PAPELERÍA PERSONALIZADA,Otros,12.0,30.0,1,True,https://disershop.com.uy/cibermayorista-en-disershop/10-off/lapicera-ls551-blanco
2486,Lapicera ls551 megalabs,Lapicera ls551 megalabs,PAPELERÍA PERSONALIZADA,Otros,,,0,False,https://disershop.com.uy/productos/productos-lapiceras?product_id=20666
2487,Lapicera ls552 negro,Lapicera ls552 negro,PAPELERÍA PERSONALIZADA,Otros,,,0,False,https://disershop.com.uy/emprendedores/lapiceras-promocionales/lapicera-ls552-negro-1
1337,Lapicera ls553 azul,Lapicera ls553 azul,PAPELERÍA PERSONALIZADA,Otros,20.0,50.0,0,True,https://disershop.com.uy/emprendedores/lapiceras-promocionales/lapicera-ls553-azul-1
1338,Lapicera ls553 blanco,Lapicera ls553 blanco,PAPELERÍA PERSONALIZADA,Otros,20.0,50.0,0,True,https://disershop.com.uy/emprendedores/lapiceras-promocionales/lapicera-ls553-blanco
2488,Lapicera ls553 rojo,Lapicera ls553 rojo,PAPELERÍA PERSONALIZADA,Otros,,,0,False,https://disershop.com.uy/emprendedores/lapiceras-promocionales/lapicera-ls553-rojo
1339,Lapicera ls556 azul,Lapicera ls556 azul,PAPELERÍA PERSONALIZADA,Otros,12.0,30.0,0,True,https://disershop.com.uy/emprendedores/lapiceras-promocionales/lapicera-ls556-azul-1
2489,Lapicera ls556 rojo,Lapicera ls556 rojo,PAPELERÍA PERSONALIZADA,Otros,,,0,False,https://disershop.com.uy/emprendedores/lapiceras-promocionales/lapicera-ls556-rojo
1340,Lapicera ls558 azul,Lapicera ls558 azul,PAPELERÍA PERSONALIZADA,Otros,7.0,17.5,0,True,https://disershop.com.uy/cibermayorista-en-disershop/10-off/lapicera-ls558-azul-1
1341,Lapicera ls558 rojo,Lapicera ls558 rojo,PAPELERÍA PERSONALIZADA,Otros,7.0,17.5,0,True,https://disershop.com.uy/cibermayorista-en-disershop/10-off/lapicera-ls558-rojo
1342,Lapicera ls559 amarillo,Lapicera ls559 amarillo,PAPELERÍA PERSONALIZADA,Otros,9.0,22.5,0,True,https://disershop.com.uy/emprendedores/lapiceras-promocionales/lapicera-ls559-amarillo-1
1343,Lapicera ls559 azul,Lapicera ls559 azul,PAPELERÍA PERSONALIZADA,Otros,9.0,22.5,1,True,https://disershop.com.uy/cibermayorista-en-disershop/10-off/lapicera-ls559-azul
1344,Lapicera ls559 gris,Lapicera ls559 gris,PAPELERÍA PERSONALIZADA,Otros,9.0,22.5,1,True,https://disershop.com.uy/cibermayorista-en-disershop/10-off/lapicera-ls559-gris
1345,Lapicera ls559 naranja,Lapicera ls559 naranja,PAPELERÍA PERSONALIZADA,Otros,9.0,22.5,1,True,https://disershop.com.uy/cibermayorista-en-disershop/10-off/lapicera-ls559-naranja
1346,Lapicera ls559 negro,Lapicera ls559 negro,PAPELERÍA PERSONALIZADA,Otros,9.0,22.5,1,True,https://disershop.com.uy/cibermayorista-en-disershop/10-off/lapicera-ls559-negro
1347,Lapicera ls559 rojo,Lapicera ls559 rojo,PAPELERÍA PERSONALIZADA,Otros,9.0,22.5,1,True,https://disershop.com.uy/cibermayorista-en-disershop/10-off/lapicera-ls559-rojo
1348,Lapicera ls559 verde,Lapicera ls559 verde,PAPELERÍA PERSONALIZADA,Otros,9.0,22.5,1,True,https://disershop.com.uy/cibermayorista-en-disershop/10-off/lapicera-ls559-verde
1349,Lapicera ls564 blanco/azul,Lapicera ls564 blanco/azul,PAPELERÍA PERSONALIZADA,Otros,5.0,12.5,1,True,https://disershop.com.uy/emprendedores/lapiceras-promocionales/lapicera-ls564-blanco-azul
1350,Lapicera ls564 blanco/celeste,Lapicera ls564 blanco/celeste,PAPELERÍA PERSONALIZADA,Otros,5.0,12.5,1,True,https://disershop.com.uy/emprendedores/lapiceras-promocionales/lapicera-ls564-blanco-celeste
1351,Lapicera ls564 blanco/naranja,Lapicera ls564 blanco/naranja,PAPELERÍA PERSONALIZADA,Otros,5.0,12.5,1,True,https://disershop.com.uy/emprendedores/lapiceras-promocionales/lapicera-ls564-blanco-naranja
1352,Lapicera ls564 blanco/negro,Lapicera ls564 blanco/negro,PAPELERÍA PERSONALIZADA,Otros,5.0,12.5,1,True,https://disershop.com.uy/emprendedores/lapiceras-promocionales/lapicera-ls564-blanco-negro
1353,Lapicera ls564 blanco/rojo,Lapicera ls564 blanco/rojo,PAPELERÍA PERSONALIZADA,Otros,5.0,12.5,1,True,https://disershop.com.uy/emprendedores/lapiceras-promocionales/lapicera-ls564-blanco-rojo
1354,Lapicera ls564 blanco/verde,Lapicera ls564 blanco/verde,PAPELERÍA PERSONALIZADA,Otros,5.0,12.5,1,True,https://disershop.com.uy/emprendedores/lapiceras-promocionales/lapicera-ls564-blanco-verde
1355,Lapicera ls564 celeste/negro,Lapicera ls564 celeste/negro,PAPELERÍA PERSONALIZADA,Otros,5.0,12.5,1,True,https://disershop.com.uy/emprendedores/lapiceras-promocionales/lapicera-ls564-celeste-negro
2490,Lapiceras LS523 Violeta,Lapiceras LS523 Violeta,PAPELERÍA PERSONALIZADA,Otros,,,0,False,https://disershop.com.uy/emprendedores/lapiceras-promocionales/lapiceras-ls523-violeta
1356,Lapiceras Ls501 Azules (LS-501-04),Lapiceras Ls501 Azules (LS-501-04),PAPELERÍA PERSONALIZADA,Otros,10.0,25.0,1,True,https://disershop.com.uy/cibermayorista-en-disershop/10-off/lapiceras-ls501-azules
1357,Lapiceras Ls501 Negras (LS-501-02),Lapiceras Ls501 Negras (LS-501-02),PAPELERÍA PERSONALIZADA,Otros,10.0,25.0,1,True,https://disershop.com.uy/cibermayorista-en-disershop/10-off/lapiceras-ls501-negras
1358,Lapiceras Ls501 Rojas (LS-501-03),Lapiceras Ls501 Rojas (LS-501-03),PAPELERÍA PERSONALIZADA,Otros,10.0,25.0,1,True,https://disershop.com.uy/cibermayorista-en-disershop/10-off/lapiceras-ls501-rojas
1359,Lapiceras Ls502 Azules (LS-502-04),Lapiceras Ls502 Azules (LS-502-04),PAPELERÍA PERSONALIZADA,Otros,10.0,25.0,0,True,https://disershop.com.uy/emprendedores/lapiceras-promocionales/lapiceras-ls502-azules
1360,Lapiceras Ls502 Negras (LS-502-02),Lapiceras Ls502 Negras (LS-502-02),PAPELERÍA PERSONALIZADA,Otros,10.0,25.0,0,True,https://disershop.com.uy/emprendedores/lapiceras-promocionales/lapiceras-ls502-negras
1361,Lapiceras Ls502 Rojas (LS-502-03),Lapiceras Ls502 Rojas (LS-502-03),PAPELERÍA PERSONALIZADA,Otros,10.0,25.0,0,True,https://disershop.com.uy/emprendedores/lapiceras-promocionales/lapiceras-ls502-rojas
1362,Lapiceras Ls507 Blanco (LS-507-01),Lapiceras Ls507 Blanco (LS-507-01),PAPELERÍA PERSONALIZADA,Otros,9.0,22.5,1,True,https://disershop.com.uy/cibermayorista-en-disershop/10-off/lapiceras-ls507-blanco
1363,Lapiceras Ls507 Plata (LS-507-14),Lapiceras Ls507 Plata (LS-507-14),PAPELERÍA PERSONALIZADA,Otros,9.0,22.5,1,True,https://disershop.com.uy/cibermayorista-en-disershop/10-off/lapiceras-ls507-plata
1364,Lapiceras Ls513 Rojas (LS-513-03),Lapiceras Ls513 Rojas (LS-513-03),PAPELERÍA PERSONALIZADA,Otros,12.0,30.0,0,True,https://disershop.com.uy/emprendedores/lapiceras-promocionales/lapiceras-ls513-rojas
1365,Lapiceras Ls523 Azul (LS-523-04),Lapiceras Ls523 Azul (LS-523-04),PAPELERÍA PERSONALIZADA,Otros,12.0,30.0,1,True,https://disershop.com.uy/cibermayorista-en-disershop/10-off/lapiceras-ls523-azul
1366,Lapiceras Ls523 Naranja (LS-523-10),Lapiceras Ls523 Naranja (LS-523-10),PAPELERÍA PERSONALIZADA,Otros,12.0,30.0,1,True,https://disershop.com.uy/productos/productos-lapiceras/lapiceras-ls523-naranja
1367,Lapiceras Ls523 Verde (LS-523-08),Lapiceras Ls523 Verde (LS-523-08),PAPELERÍA PERSONALIZADA,Otros,12.0,30.0,1,True,https://disershop.com.uy/cibermayorista-en-disershop/10-off/lapiceras-ls523-verde
1368,Lapiceras ls523 negro,Lapiceras ls523 negro,PAPELERÍA PERSONALIZADA,Otros,12.0,30.0,1,True,https://disershop.com.uy/cibermayorista-en-disershop/10-off/lapiceras-ls523-negro
1370,Lapiz Ls515 Color Blanco (LS-515-01),Lapiz Ls515 Color Blanco (LS-515-01),PAPELERÍA PERSONALIZADA,Otros,5.0,12.5,0,True,https://disershop.com.uy/productos/productos-lapiceras/lapiz-ls515-color-blanco
2614,Portalapices con 10 lapices nacional,Portalapices con 10 lapices nacional,PAPELERÍA PERSONALIZADA,Otros,,,0,False,https://disershop.com.uy/index.php?route=product/product&product_id=20609
2620,Recarga lapicera ls501 negro,Recarga lapicera ls501 negro,PAPELERÍA PERSONALIZADA,Otros,,,0,False,https://disershop.com.uy/productos/productos-lapiceras?product_id=21979
2621,Recarga lapicera ls554 azul,Recarga lapicera ls554 azul,PAPELERÍA PERSONALIZADA,Otros,,,0,False,https://disershop.com.uy/productos/productos-lapiceras?product_id=21978
1693,Set Bamboo Lápiz y Lapicera,Set Bamboo Lápiz y Lapicera,PAPELERÍA PERSONALIZADA,Otros,69.0,172.5,1,True,https://disershop.com.uy/emprendedores/lapiceras-promocionales/set-bamboo-lapiz-lapicera
1788,Sobre para Lapiceras Ls537 Negro,Sobre para Lapiceras Ls537 Negro,PAPELERÍA PERSONALIZADA,Otros,7.0,17.5,1,True,https://disershop.com.uy/emprendedores/lapiceras-promocionales/sobre-para-lapiceras-ls537-negro
1941,Almohadon uruguay,Almohadon uruguay,REGALOS PERSONALIZADOS,Almohadones,,,0,False,https://disershop.com.uy/index.php?route=product/product&product_id=20556
1075,Funda Sublimable Lino (40X40) (SU-ALMFULI40),Funda Sublimable Lino (40X40) (SU-ALMFULI40),REGALOS PERSONALIZADOS,Almohadones,149.0,372.5,0,True,https://disershop.com.uy/sublimacion-todo/textiles/varios/funda-sublimable-lino-40x40
1076,Funda Sublimable Raso (40X40) (SU-ALMFURA40),Funda Sublimable Raso (40X40) (SU-ALMFURA40),REGALOS PERSONALIZADOS,Almohadones,99.0,247.5,0,True,https://disershop.com.uy/emprendedores/sublimables/textiles/funda-sublimable-raso-40x40
1077,Funda de Almohadon Sublimable Eco 40x40cm,Funda de Almohadon Sublimable Eco 40x40cm,REGALOS PERSONALIZADOS,Almohadones,319.0,797.5,1,True,https://disershop.com.uy/emprendedores/sublimables/textiles/funda-de-almohadon-sublimable-eco-40x40cm
2389,Funda sublimable combinada Gris Claro (40x40),Funda sublimable combinada Gris Claro (40x40),REGALOS PERSONALIZADOS,Almohadones,,,0,False,https://disershop.com.uy/emprendedores/sublimables/textiles/funda-sublimable-combinada-gris-claro-40x40
2390,Funda sublimable combinada Lila (40x40),Funda sublimable combinada Lila (40x40),REGALOS PERSONALIZADOS,Almohadones,,,0,False,https://disershop.com.uy/emprendedores/sublimables/textiles/funda-sublimable-combinada-lila-40x40
2391,Funda sublimable combinada Verde Claro (40x40),Funda sublimable combinada Verde Claro (40x40),REGALOS PERSONALIZADOS,Almohadones,,,0,False,https://disershop.com.uy/emprendedores/sublimables/textiles/funda-sublimable-combinada-verde-claro-40x40
2622,Relleno para almohadón 40x40 cm.,Relleno para almohadón 40x40 cm.,REGALOS PERSONALIZADOS,Almohadones,,,0,False,https://disershop.com.uy/sublimacion-todo/relleno-para-almohadón-40x40-cm
2093,Caja Lapicera Llavero LS580 Plata,Caja Lapicera Llavero LS580 Plata,REGALOS PERSONALIZADOS,Llaveros,,,0,False,https://disershop.com.uy/productos/productos-lapiceras?product_id=17209
2498,Llavero Acru00edlico Transparente 4.0x5.5cm,Llavero Acrílico Transparente 4.0x5.5cm,REGALOS PERSONALIZADOS,Llaveros,,,0,False,https://disershop.com.uy/sublimacion-todo?product_id=19037
1379,Llavero Casa 5cmx5cm 20 unidades,Llavero Casa 5cmx5cm 20 unidades,REGALOS PERSONALIZADOS,Llaveros,290.0,725.0,0,True,https://disershop.com.uy/emprendedores/sublimables/mdf/llavero-casa-5cmx5cm-20-unidades
1380,"Llavero Corazon 6cmx5,5cm 20 unidades","Llavero Corazon 6cmx5,5cm 20 unidades",REGALOS PERSONALIZADOS,Llaveros,290.0,725.0,0,True,https://disershop.com.uy/emprendedores/sublimables/mdf/llavero-corazon-6cmx5-5cm-20-unidades
1381,Llavero Madera Cristal 4x6 cm Arandela,Llavero Madera Cristal 4x6 cm Arandela,REGALOS PERSONALIZADOS,Llaveros,379.0,947.5,0,True,https://disershop.com.uy/emprendedores/sublimables/mdf/llavero-mdf-4x6-cm-arandela
2499,Llavero PAPÁ MDF sub. 20 unidades,Llavero PAPÁ MDF sub. 20 unidades,REGALOS PERSONALIZADOS,Llaveros,,,0,False,https://disershop.com.uy/emprendedores/sublimables/mdf/llavero-papá-mdf-sub-20-unidades
1382,Llavero Rectangular (SU-LL5),Llavero Rectangular (SU-LL5),REGALOS PERSONALIZADOS,Llaveros,51.0,127.5,1,True,https://disershop.com.uy/emprendedores/sublimables/metálicos/llavero-rectangular
1383,Llavero Redondo (SU-LL2),Llavero Redondo (SU-LL2),REGALOS PERSONALIZADOS,Llaveros,49.0,122.5,0,True,https://disershop.com.uy/emprendedores/sublimables/metálicos/llavero-redondo
2500,Llavero acrilico 4cm x 5.5cm 100 Unidades,Llavero acrilico 4cm x 5.5cm 100 Unidades,REGALOS PERSONALIZADOS,Llaveros,,,0,False,https://disershop.com.uy/sublimacion-todo/llavero-acrilico-4cm-x-5-5cm-100-unidades
2501,Llavero colgante nacional,Llavero colgante nacional,REGALOS PERSONALIZADOS,Llaveros,,,0,False,https://disershop.com.uy/index.php?route=product/product&product_id=20628
1384,Llavero cuadrado Madera Cristal sub. 5x5cm 20 unidades,Llavero cuadrado Madera Cristal sub. 5x5cm 20 unidades,REGALOS PERSONALIZADOS,Llaveros,379.0,947.5,0,True,https://disershop.com.uy/emprendedores/sublimables/mdf/llavero-cuadrado-mdf-sub-5x5cm-20-unidades
2502,Llavero uruguay gancho 12136,Llavero uruguay gancho 12136,REGALOS PERSONALIZADOS,Llaveros,,,0,False,https://disershop.com.uy/index.php?route=product/product&product_id=20559
2503,Llaveros de cinta,Llaveros de cinta,REGALOS PERSONALIZADOS,Llaveros,,,0,False,https://disershop.com.uy/index.php?route=product/product&product_id=20651
1453,Mosquetón para llavero x 100 unidades,Mosquetón para llavero x 100 unidades,REGALOS PERSONALIZADOS,Llaveros,600.0,1500.0,1,True,https://disershop.com.uy/sublimacion-todo/mosqueton-para-llavero-x-100-unidades
1584,Pin 56Mm Llavero (PIN-B56LLAV),Pin 56Mm Llavero (PIN-B56LLAV),REGALOS PERSONALIZADOS,Llaveros,16.0,40.0,1,True,https://disershop.com.uy/cibermayorista-en-disershop/10-off/pin-56mm-llavero
1709,Set lapicera y llavero bamboo,Set lapicera y llavero bamboo,REGALOS PERSONALIZADOS,Llaveros,129.0,322.5,1,True,https://disershop.com.uy/emprendedores/lapiceras-promocionales/set-lapicera-y-llavero-bamboo
1819,TRABA METALICA P/LLAVERO 100 unidades,TRABA METALICA P/LLAVERO 100 unidades,REGALOS PERSONALIZADOS,Llaveros,600.0,1500.0,1,True,https://disershop.com.uy/sublimacion-todo/traba-metalica-p-llavero-100-unidades
1932,Adorno MDF sublimable circular x 5 unidades,Adorno MDF sublimable circular x 5 unidades,REGALOS PERSONALIZADOS,Regalos,,,0,False,https://disershop.com.uy/emprendedores/sublimables/mdf/adorno-mdf-sublimable-circular-x-5-unidades
1933,Adorno Madera Cristal sublimable estrella navideña x5 unidades,Adorno Madera Cristal sublimable estrella navideña x5 unidades,REGALOS PERSONALIZADOS,Regalos,,,0,False,https://disershop.com.uy/emprendedores/sublimables/mdf/adorno-mdf-sublimable-estrella-navideña-x5-unidades
385,Adorno Tu&Yo Madera Cristal,Adorno Tu&Yo Madera Cristal,REGALOS PERSONALIZADOS,Regalos,110.0,275.0,1,True,https://disershop.com.uy/emprendedores/sublimables/mdf/adorno-tuyo
386,Adorno arbolito navideño sublimable Madera Cristal,Adorno arbolito navideño sublimable Madera Cristal,REGALOS PERSONALIZADOS,Regalos,99.0,247.5,1,True,https://disershop.com.uy/emprendedores/sublimables/mdf/adorno-mdf-arbolito-navideño-sublimable
1934,Adorno navideu00f1o sublipack x5 corazones 7cm,Adorno navideño sublipack x5 corazones 7cm,REGALOS PERSONALIZADOS,Regalos,,,0,False,https://disershop.com.uy/sublimacion-todo?product_id=19574
1935,Adorno navideu00f1o sublipack x5 estrellas 7cm,Adorno navideño sublipack x5 estrellas 7cm,REGALOS PERSONALIZADOS,Regalos,,,0,False,https://disershop.com.uy/sublimacion-todo/adorno-navideu00f1o-sublipack-x5-estrellas-7cm
387,Agenda 2026 con tapa Sublimable,Agenda 2026 con tapa Sublimable,REGALOS PERSONALIZADOS,Regalos,159.0,397.5,0,True,https://disershop.com.uy/emprendedores/sublimables/cartulina-cristal/agenda-2026-con-tapa-sublimable
1939,Alcancia MDF Sublimable,Alcancia MDF Sublimable,REGALOS PERSONALIZADOS,Regalos,,,0,False,https://disershop.com.uy/emprendedores/sublimables/mdf/alcancia-mdf-sublimable
1940,Alcancia Sublimable (SU-ALCANCIA),Alcancia Sublimable (SU-ALCANCIA),REGALOS PERSONALIZADOS,Regalos,,,0,False,https://disershop.com.uy/emprendedores/sublimables/alcancia-sublimable
1942,Antifaz Sublimable 10 unidades,Antifaz Sublimable 10 unidades,REGALOS PERSONALIZADOS,Regalos,,,0,False,https://disershop.com.uy/emprendedores/sublimables/cartulina-cristal/antifaz-sublimable-10-unidades
1961,Bandeja MDF sub. 20x29cm,Bandeja MDF sub. 20x29cm,REGALOS PERSONALIZADOS,Regalos,,,0,False,https://disershop.com.uy/emprendedores/sublimables/mdf/bandeja-mdf-sub-20x29cm
440,Base Para Chapa Sublimable 15X20 (SU-BA5),Base Para Chapa Sublimable 15X20 (SU-BA5),REGALOS PERSONALIZADOS,Regalos,99.0,247.5,0,True,https://disershop.com.uy/cibermayorista-en-disershop/monitores-y-accesorios/base-para-chapa-sublimable-15x20
441,Base Para Chapa Sublimable 20X30 (SU-BA4),Base Para Chapa Sublimable 20X30 (SU-BA4),REGALOS PERSONALIZADOS,Regalos,199.0,497.5,0,True,https://disershop.com.uy/cibermayorista-en-disershop/monitores-y-accesorios/base-para-chapa-sublimable-20x30
508,Bolso Yute Matera,Bolso Yute Matera,REGALOS PERSONALIZADOS,Regalos,199.0,497.5,1,True,https://disershop.com.uy/oficina-y-hogar/hogar/laptops-y-accesorios/bolso-yute-matera
514,Bombilla 019,Bombilla 019,REGALOS PERSONALIZADOS,Regalos,449.0,1122.5,0,True,https://disershop.com.uy/oficina-y-hogar/hogar/bombillas-sw/bombilla-019
515,Bombilla de Acero 023,Bombilla de Acero 023,REGALOS PERSONALIZADOS,Regalos,199.0,497.5,0,True,https://disershop.com.uy/oficina-y-hogar/hogar/bombillas-sw/bombilla-de-acero-023
516,Bombilla de Acero 024,Bombilla de Acero 024,REGALOS PERSONALIZADOS,Regalos,199.0,497.5,1,True,https://disershop.com.uy/oficina-y-hogar/hogar/bombillas-sw/bombilla-de-acero-024
517,Bombilla de Acero 025,Bombilla de Acero 025,REGALOS PERSONALIZADOS,Regalos,199.0,497.5,0,True,https://disershop.com.uy/oficina-y-hogar/hogar/bombillas-sw/bombilla-de-acero-025
518,Bombilla de Acero 026,Bombilla de Acero 026,REGALOS PERSONALIZADOS,Regalos,199.0,497.5,1,True,https://disershop.com.uy/oficina-y-hogar/hogar/bombillas-sw/bombilla-de-acero-026
2039,Bombilla de Acero Premuium 022 Azul,Bombilla de Acero Premuium 022 Azul,REGALOS PERSONALIZADOS,Regalos,,,0,False,https://disershop.com.uy/oficina-y-hogar/hogar/bombillas-sw/bombilla-de-acero-premuium-022-azul
2040,Bombilla de Acero Premuium 022 Blanco,Bombilla de Acero Premuium 022 Blanco,REGALOS PERSONALIZADOS,Regalos,,,1,False,https://disershop.com.uy/oficina-y-hogar/hogar/bombillas-sw/bombilla-de-acero-premuium-022-blanco
2041,Bombilla de Acero Premuium 022 Gris,Bombilla de Acero Premuium 022 Gris,REGALOS PERSONALIZADOS,Regalos,,,0,False,https://disershop.com.uy/oficina-y-hogar/hogar/bombillas-sw/bombilla-de-acero-premuium-022-gris
2042,Bombilla de Acero Premuium 022 Negro,Bombilla de Acero Premuium 022 Negro,REGALOS PERSONALIZADOS,Regalos,,,0,False,https://disershop.com.uy/oficina-y-hogar/hogar/bombillas-sw/bombilla-de-acero-premuium-022-negro
2043,Bombilla de Acero Premuium 022 Oliva,Bombilla de Acero Premuium 022 Oliva,REGALOS PERSONALIZADOS,Regalos,,,0,False,https://disershop.com.uy/oficina-y-hogar/hogar/bombillas-sw/bombilla-de-acero-premuium-022-oliva
2044,Bombilla de Acero Premuium 022 Rosado,Bombilla de Acero Premuium 022 Rosado,REGALOS PERSONALIZADOS,Regalos,,,1,False,https://disershop.com.uy/oficina-y-hogar/hogar/bombillas-sw/bombilla-de-acero-premuium-022-rosado
2045,Bombilla de Acero Premuium 022 Turquesa,Bombilla de Acero Premuium 022 Turquesa,REGALOS PERSONALIZADOS,Regalos,,,1,False,https://disershop.com.uy/oficina-y-hogar/hogar/bombillas-sw/bombilla-de-acero-premuium-022-turquesa
2094,Caja Sublimable 8x10cm c/manija 10 unidades,Caja Sublimable 8x10cm c/manija 10 unidades,REGALOS PERSONALIZADOS,Regalos,,,0,False,https://disershop.com.uy/emprendedores/sublimables/cartulina-cristal/caja-sublimable-8x10cm-c-manija-10-unidades
593,Caja Sublimable CORAZON 10 unidades,Caja Sublimable CORAZON 10 unidades,REGALOS PERSONALIZADOS,Regalos,89.0,222.5,1,True,https://disershop.com.uy/emprendedores/sublimables/cartulina-cristal/caja-sublimable-corazon-10-unidades
2095,Caja Sublimable POP 10 unidades,Caja Sublimable POP 10 unidades,REGALOS PERSONALIZADOS,Regalos,,,0,False,https://disershop.com.uy/emprendedores/sublimables/cartulina-cristal/caja-sublimable-pop-10-unidades
594,Caja de Madera para Vino 006 Oscura,Caja de Madera para Vino 006 Oscura,REGALOS PERSONALIZADOS,Regalos,199.0,497.5,1,True,https://disershop.com.uy/empresariales-promocionales/cajas-para-botellas/caja-de-madera-para-vino-006-oscura
595,Caja de Madera para Vino 007 Dos Botellas,Caja de Madera para Vino 007 Dos Botellas,REGALOS PERSONALIZADOS,Regalos,399.0,997.5,1,True,https://disershop.com.uy/empresariales-promocionales/cajas-para-botellas/caja-de-madera-para-vino-007-dos-botellas
596,Caja de Madera para Vino 008 Tres Botellas,Caja de Madera para Vino 008 Tres Botellas,REGALOS PERSONALIZADOS,Regalos,599.0,1497.5,0,True,https://disershop.com.uy/empresariales-promocionales/cajas-para-botellas/caja-de-madera-para-vino-008-tres-botellas
597,Caja de Pino para Vino - 10x10x35cm,Caja de Pino para Vino - 10x10x35cm,REGALOS PERSONALIZADOS,Regalos,399.0,997.5,1,True,https://disershop.com.uy/empresariales-promocionales/cajas-para-botellas/caja-de-pino-para-vino-10x10x35cm
598,Caja para Vino Premium 002,Caja para Vino Premium 002,REGALOS PERSONALIZADOS,Regalos,199.0,497.5,0,True,https://disershop.com.uy/empresariales-promocionales/cajas-para-botellas/caja-de-vino-002-premium
599,Caja para Vino básica 004,Caja para Vino básica 004,REGALOS PERSONALIZADOS,Regalos,199.0,497.5,1,True,https://disershop.com.uy/empresariales-promocionales/cajas-para-botellas/caja-de-vino-004
600,Caja para Vino clásica 005,Caja para Vino clásica 005,REGALOS PERSONALIZADOS,Regalos,199.0,497.5,0,True,https://disershop.com.uy/empresariales-promocionales/cajas-para-botellas/caja-de-vino-005
601,Caja para Vino con ventana 003,Caja para Vino con ventana 003,REGALOS PERSONALIZADOS,Regalos,199.0,497.5,1,True,https://disershop.com.uy/empresariales-promocionales/cajas-para-botellas/caja-de-vino-003
1024,Chapa Sublimable Brillo 15X20 cm,Chapa Sublimable Brillo 15X20 cm,REGALOS PERSONALIZADOS,Regalos,54.0,135.0,1,True,https://disershop.com.uy/emprendedores/sublimables/metálicos/chapa-sublimable-15x20-brillo
1025,Chapa Sublimable Brillo 20X30 cm,Chapa Sublimable Brillo 20X30 cm,REGALOS PERSONALIZADOS,Regalos,69.0,172.5,1,True,https://disershop.com.uy/emprendedores/sublimables/metálicos/chapa-sublimable-20x30-brillo
1026,Chapa subl. 20x30 texturada,Chapa subl. 20x30 texturada,REGALOS PERSONALIZADOS,Regalos,79.0,197.5,0,True,https://disershop.com.uy/emprendedores/sublimables/metálicos/chapa-subl-20x30-texturada
1027,Chapa sublimable 30x40,Chapa sublimable 30x40,REGALOS PERSONALIZADOS,Regalos,175.0,437.5,0,True,https://disershop.com.uy/sublimacion-todo?product_id=21298
2360,Delantal el mate,Delantal el mate,REGALOS PERSONALIZADOS,Regalos,,,0,False,https://disershop.com.uy/estampados/turismo/camisetas/delantal-el-mate
1074,Frasco Esmerilado C/Asa (SU-FRASASES),Frasco Esmerilado C/Asa (SU-FRASASES),REGALOS PERSONALIZADOS,Regalos,89.0,222.5,1,True,https://disershop.com.uy/día-de-la-madre/personalizacion/frasco-esmerilado-c-asa
1233,Inscripcion Taller DTF 19/12/2026,Inscripcion Taller DTF 19/12/2026,REGALOS PERSONALIZADOS,Regalos,3190.0,7975.0,1,True,https://disershop.com.uy/inscripciones-emprende/inscripciones-dtf/inscripcion-taller-dtf-19122026
1234,Inscripcion Taller DTF 22/08/2026,Inscripcion Taller DTF 22/08/2026,REGALOS PERSONALIZADOS,Regalos,3190.0,7975.0,1,True,https://disershop.com.uy/inscripciones-emprende/inscripciones-dtf/inscripcion-taller-dtf-22082026
1235,Inscripcion Taller DTF 24/10/2026,Inscripcion Taller DTF 24/10/2026,REGALOS PERSONALIZADOS,Regalos,3190.0,7975.0,1,True,https://disershop.com.uy/inscripciones-emprende/inscripciones-dtf/inscripcion-taller-dtf-24102026
1236,Inscripción Taller Sublimación 10/10/2026,Inscripción Taller Sublimación 10/10/2026,REGALOS PERSONALIZADOS,Regalos,3190.0,7975.0,1,True,https://disershop.com.uy/inscripciones-emprende/inscripciones-sublimacion/inscripcion-taller-sublimacion-10102026
1237,Inscripción Taller Sublimación 12/12/2026,Inscripción Taller Sublimación 12/12/2026,REGALOS PERSONALIZADOS,Regalos,3190.0,7975.0,1,True,https://disershop.com.uy/inscripciones-emprende/inscripciones-sublimacion/inscripcion-taller-sublimacion-12122026
1238,Inscripción Taller Sublimación 14/11/2026,Inscripción Taller Sublimación 14/11/2026,REGALOS PERSONALIZADOS,Regalos,3190.0,7975.0,1,True,https://disershop.com.uy/inscripciones-emprende/inscripciones-sublimacion/inscripcion-taller-sublimacion-14112026
1239,Inscripción Taller Sublimación 19/09/2026,Inscripción Taller Sublimación 19/09/2026,REGALOS PERSONALIZADOS,Regalos,3190.0,7975.0,1,True,https://disershop.com.uy/inscripciones-emprende/inscripciones-sublimacion/inscripcion-taller-sublimacion-19092026
1369,"Lapicero MDF sub. 7,5x9cm","Lapicero MDF sub. 7,5x9cm",REGALOS PERSONALIZADOS,Regalos,119.0,297.5,1,True,https://disershop.com.uy/emprendedores/sublimables/mdf/lapicero-mdf-sub-7-5x9cm
1400,Mate Acero Camionero 260ml Oliva,Mate Acero Camionero 260ml Oliva,REGALOS PERSONALIZADOS,Regalos,389.0,972.5,1,True,https://disershop.com.uy/oficina-y-hogar/hogar/mates-sw/mate-acero-camionero-260ml-oliva
1401,Mate Acero Camionero 260ml Rosado,Mate Acero Camionero 260ml Rosado,REGALOS PERSONALIZADOS,Regalos,389.0,972.5,1,True,https://disershop.com.uy/oficina-y-hogar/hogar/mates-sw/mate-acero-camionero-260ml-rosado
1402,Mate Acero Camionero 260ml Turquesa,Mate Acero Camionero 260ml Turquesa,REGALOS PERSONALIZADOS,Regalos,389.0,972.5,0,True,https://disershop.com.uy/oficina-y-hogar/hogar/mates-sw/mate-acero-camionero-260ml-turquesa
1403,Mate Acero Camionero Azul,Mate Acero Camionero Azul,REGALOS PERSONALIZADOS,Regalos,389.0,972.5,0,True,https://disershop.com.uy/oficina-y-hogar/hogar/mates-sw/mate-acero-camionero-azul
1404,Mate Acero Camionero Blanco,Mate Acero Camionero Blanco,REGALOS PERSONALIZADOS,Regalos,389.0,972.5,0,True,https://disershop.com.uy/oficina-y-hogar/hogar/mates-sw/mate-acero-camionero-blanco
1405,Mate Acero Camionero Gris,Mate Acero Camionero Gris,REGALOS PERSONALIZADOS,Regalos,389.0,972.5,1,True,https://disershop.com.uy/oficina-y-hogar/hogar/mates-sw/mate-acero-camionero-gris
1406,Mate Acero Camionero Negro,Mate Acero Camionero Negro,REGALOS PERSONALIZADOS,Regalos,389.0,972.5,0,True,https://disershop.com.uy/oficina-y-hogar/hogar/mates-sw/mate-acero-camionero-negro
2518,Mate Acero Clasico 240 ml Azul,Mate Acero Clasico 240 ml Azul,REGALOS PERSONALIZADOS,Regalos,,,0,False,https://disershop.com.uy/oficina-y-hogar/hogar/mates-sw/mate-acero-clasico-240-ml-azul
2519,Mate Acero Clasico 240 ml Celeste,Mate Acero Clasico 240 ml Celeste,REGALOS PERSONALIZADOS,Regalos,,,0,False,https://disershop.com.uy/oficina-y-hogar/hogar/mates-sw/mate-acero-clasico-240-ml-celeste
1407,Mate Mágico Sublimable (SU-MATESUBMA),Mate Mágico Sublimable (SU-MATESUBMA),REGALOS PERSONALIZADOS,Regalos,79.0,197.5,0,True,https://disershop.com.uy/sublimacion-todo/kit-matero/mate-mágico-sublimable
1408,Mate SW de Acero 236ml Blanco,Mate SW de Acero 236ml Blanco,REGALOS PERSONALIZADOS,Regalos,349.0,872.5,0,True,https://disershop.com.uy/oficina-y-hogar/hogar/mates-sw/mate-sw-de-acero-236ml-blanco
2520,Mate SW de Acero 236ml Negro,Mate SW de Acero 236ml Negro,REGALOS PERSONALIZADOS,Regalos,,,0,False,https://disershop.com.uy/oficina-y-hogar/hogar/mates-sw/mate-sw-de-acero-236ml-negro
1409,Mate Sublimable II,Mate Sublimable II,REGALOS PERSONALIZADOS,Regalos,99.0,247.5,0,True,https://disershop.com.uy/cibermayorista-en-disershop/10-off/mate-sublimable-ii
1410,Matera Madera Cristal sub. 11x25x28cm,Matera Madera Cristal sub. 11x25x28cm,REGALOS PERSONALIZADOS,Regalos,469.0,1172.5,1,True,https://disershop.com.uy/oficina-y-hogar/hogar/laptops-y-accesorios/matera-mdf-sub-11x25x28cm
1411,Matera Morral Tafeta Negro,Matera Morral Tafeta Negro,REGALOS PERSONALIZADOS,Regalos,990.0,2475.0,1,True,https://disershop.com.uy/oficina-y-hogar/hogar/laptops-y-accesorios/matera-morral-tafeta-negro
2521,Matera Sublimable,Matera Sublimable,REGALOS PERSONALIZADOS,Regalos,,,0,False,https://disershop.com.uy/sublimacion-todo?product_id=17893
1412,Matera de Madera 001,Matera de Madera 001,REGALOS PERSONALIZADOS,Regalos,299.0,747.5,1,True,https://disershop.com.uy/oficina-y-hogar/hogar/laptops-y-accesorios/matera-de-madera-001
2523,Medallita para Grabado Azul,Medallita para Grabado Azul,REGALOS PERSONALIZADOS,Regalos,,,0,False,https://disershop.com.uy/medallita-para-grabado-azul
2524,Medallita para Grabado Negro,Medallita para Grabado Negro,REGALOS PERSONALIZADOS,Regalos,,,0,False,https://disershop.com.uy/medallita-para-grabado-negro
2525,Medallita para Grabado Rojo,Medallita para Grabado Rojo,REGALOS PERSONALIZADOS,Regalos,,,0,False,https://disershop.com.uy/medallita-para-grabado-rojo
2526,Medallita para Grabado Rosa,Medallita para Grabado Rosa,REGALOS PERSONALIZADOS,Regalos,,,0,False,https://disershop.com.uy/medallita-para-grabado-rosa
1427,Memo Test MDF sub. 10 piezas 6x6cm c/caja,Memo Test MDF sub. 10 piezas 6x6cm c/caja,REGALOS PERSONALIZADOS,Regalos,129.0,322.5,0,True,https://disershop.com.uy/emprendedores/sublimables/mdf/memo-test-mdf-sub-10-piezas-6x6cm-c-caja
1434,Mochila Matera,Mochila Matera,REGALOS PERSONALIZADOS,Regalos,655.0,1637.5,0,True,https://disershop.com.uy/oficina-y-hogar/hogar/laptops-y-accesorios/mochila-matera
2535,Mochila Matera Negro,Mochila Matera Negro,REGALOS PERSONALIZADOS,Regalos,,,0,False,https://disershop.com.uy/productos/vestimenta/bolsos-y-mochilas/mochila-matera-negro
1457,Moña Escolar 1.25m,Moña Escolar 1.25m,REGALOS PERSONALIZADOS,Regalos,69.0,172.5,1,True,https://disershop.com.uy/todo-para-la-vuelta-a-clases/moña-escolar-1-25m
1473,Pack Caja Sublimable 01 X10 Unidades,Pack Caja Sublimable 01 X10 Unidades,REGALOS PERSONALIZADOS,Regalos,290.0,725.0,1,True,https://disershop.com.uy/cibermayorista-en-disershop/10-off/caja-sublimable-01-x10-unidades
1474,Pack Caja Sublimable 02 X10 Unidades,Pack Caja Sublimable 02 X10 Unidades,REGALOS PERSONALIZADOS,Regalos,290.0,725.0,0,True,https://disershop.com.uy/cibermayorista-en-disershop/10-off/caja-sublimable-02-x10-unidades
1475,Pack Caja Sublimable 03 X10 Unidades,Pack Caja Sublimable 03 X10 Unidades,REGALOS PERSONALIZADOS,Regalos,390.0,975.0,1,True,https://disershop.com.uy/cibermayorista-en-disershop/10-off/caja-sublimable-03-x10-unidades
1476,Pack Caja Sublimable 04 X10 Unidades,Pack Caja Sublimable 04 X10 Unidades,REGALOS PERSONALIZADOS,Regalos,290.0,725.0,1,True,https://disershop.com.uy/cibermayorista-en-disershop/10-off/pack-caja-sublimable-04-x10-unidades
1578,Pie Soporte Para Platos 10,Pie Soporte Para Platos 10,REGALOS PERSONALIZADOS,Regalos,13.0,32.5,0,True,https://disershop.com.uy/volvieron-a-disershop/pie-soporte-para-platos-10
1579,Pie Soporte para Platos 8,Pie Soporte para Platos 8,REGALOS PERSONALIZADOS,Regalos,12.0,30.0,0,True,https://disershop.com.uy/volvieron-a-disershop/pie-soporte-para-platos-8
1580,Pie Soporte para Platos 8 Transparente,Pie Soporte para Platos 8 Transparente,REGALOS PERSONALIZADOS,Regalos,11.0,27.5,1,True,https://disershop.com.uy/sublimacion-todo/pie-soporte-para-platos-8-transparente
1607,Placa MDF sub. 15x15cm 3mm espesor,Placa MDF sub. 15x15cm 3mm espesor,REGALOS PERSONALIZADOS,Regalos,79.0,197.5,0,True,https://disershop.com.uy/emprendedores/sublimables/mdf/placa-mdf-sub-15x15cm-3mm-espesor
1608,Placa MDF sub. 20x29cm 3mm espesor,Placa MDF sub. 20x29cm 3mm espesor,REGALOS PERSONALIZADOS,Regalos,149.0,372.5,0,True,https://disershop.com.uy/emprendedores/sublimables/mdf/placa-mdf-sub-20x29cm-3mm-espesor
1609,"Placa Madera Dura Sublimable 30x30x0,3","Placa Madera Dura Sublimable 30x30x0,3",REGALOS PERSONALIZADOS,Regalos,159.0,397.5,0,True,https://disershop.com.uy/emprendedores/sublimables/placa-madera-dura-sublimable-30x30x0-3-1
1610,"Placa Multilaminada Sublimable 30x30x0,5","Placa Multilaminada Sublimable 30x30x0,5",REGALOS PERSONALIZADOS,Regalos,179.0,447.5,0,True,https://disershop.com.uy/emprendedores/sublimables/placa-multilaminada-sublimable-30x30x0-5
1611,"Placa c/Base N° 3 - 9,5cmx14,5cm 5 unidades","Placa c/Base N° 3 - 9,5cmx14,5cm 5 unidades",REGALOS PERSONALIZADOS,Regalos,449.0,1122.5,0,True,https://disershop.com.uy/emprendedores/sublimables/mdf/placa-c-base-n°-3-9-5cmx14-5cm-5-unidades
1614,Plato Sublimable 8,Plato Sublimable 8,REGALOS PERSONALIZADOS,Regalos,69.0,172.5,1,True,https://disershop.com.uy/cibermayorista-en-disershop/10-off/plato-sublimable-8
1621,Porta llave de pared Madera Cristal Sub.,Porta llave de pared Madera Cristal Sub.,REGALOS PERSONALIZADOS,Regalos,109.0,272.5,0,True,https://disershop.com.uy/emprendedores/sublimables/mdf/porta-llave-de-pared-mdf-sub
1622,Porta retrato MDF sub. 10x8cm 5 unidades,Porta retrato MDF sub. 10x8cm 5 unidades,REGALOS PERSONALIZADOS,Regalos,289.0,722.5,0,True,https://disershop.com.uy/emprendedores/sublimables/mdf/porta-retrato-mdf-sub-10x8cm-5-unidades
1623,"Porta retrato Madera Cristal sub. Feliz Día 12,5x15cm 5 unidades","Porta retrato Madera Cristal sub. Feliz Día 12,5x15cm 5 unidades",REGALOS PERSONALIZADOS,Regalos,449.0,1122.5,0,True,https://disershop.com.uy/emprendedores/sublimables/mdf/porta-retrato-mdf-sub-feliz-día-12-5x15cm-5-unidades
1634,Puzzle 20X29 Cms. 120 Piezas (SU-PZ-48),Puzzle 20X29 Cms. 120 Piezas (SU-PZ-48),REGALOS PERSONALIZADOS,Regalos,45.0,112.5,0,True,https://disershop.com.uy/emprendedores/sublimables/cartulina-cristal/puzzle-20x29-cms-120-piezas
1635,Reloj cuadrado Madera Cristal sub. 20x20cm c/soporte y caja,Reloj cuadrado Madera Cristal sub. 20x20cm c/soporte y caja,REGALOS PERSONALIZADOS,Regalos,319.0,797.5,0,True,https://disershop.com.uy/emprendedores/sublimables/mdf/reloj-cuadrado-mdf-sub-20x20cm-c-soporte-y-caja
1636,Reloj redondo Madera Cristal sub. 20cm c/soporte y caja,Reloj redondo Madera Cristal sub. 20cm c/soporte y caja,REGALOS PERSONALIZADOS,Regalos,319.0,797.5,0,True,https://disershop.com.uy/emprendedores/sublimables/mdf/reloj-redondo-mdf-sub-20cm-c-soporte-y-caja
2713,"Soporte De Mdf 10X10X1,6 Cm (SU-SOPMDF)","Soporte De Mdf 10X10X1,6 Cm (SU-SOPMDF)",REGALOS PERSONALIZADOS,Regalos,,,1,False,https://disershop.com.uy/emprendedores/sublimables/soporte-de-mdf-10x10x1-6-cm
1811,Soporte MDF sub. 5 unidades,Soporte MDF sub. 5 unidades,REGALOS PERSONALIZADOS,Regalos,149.0,372.5,1,True,https://disershop.com.uy/sublimacion-todo/soporte-mdf-sub-5-unidades
1816,TABLA BAMBOO CON ARO DSR40 24x34,TABLA BAMBOO CON ARO DSR40 24x34,REGALOS PERSONALIZADOS,Regalos,249.0,622.5,1,True,https://disershop.com.uy/empresariales-promocionales/tablas-y-accesorios/tabla-bamboo-con-aro-dsr40-24x34
1817,TABLA BAMBOO DSR33 32x22cm,TABLA BAMBOO DSR33 32x22cm,REGALOS PERSONALIZADOS,Regalos,199.0,497.5,0,True,https://disershop.com.uy/empresariales-promocionales/tablas-y-accesorios/tabla-bamboo-dsr33-32x22cm
1818,TABLA BAMBOO DSR36 32x22cm,TABLA BAMBOO DSR36 32x22cm,REGALOS PERSONALIZADOS,Regalos,199.0,497.5,0,True,https://disershop.com.uy/empresariales-promocionales/tablas-y-accesorios/tabla-bamboo-dsr36-32x22cm
1820,Tabla Combinada Para Grabar Redonda Acacia 30cm Disershop,Tabla Combinada Para Grabar Redonda Acacia 30cm Disershop,REGALOS PERSONALIZADOS,Regalos,750.0,1875.0,1,True,https://disershop.com.uy/hogar-muebles-y-jardín/accesorios-para-cámaras/cuadernolas/pinceles/tabla-combinada-para-grabar-redonda-acacia-30cm
1834,Tabla combinada para grabar 38x18cm,Tabla combinada para grabar 38x18cm,REGALOS PERSONALIZADOS,Regalos,590.0,1475.0,0,True,https://disershop.com.uy/empresariales-promocionales/tablas-y-accesorios/tabla-combinada-para-grabar-38x18cm
1835,Tabla combinada para grabar 40x23cm,Tabla combinada para grabar 40x23cm,REGALOS PERSONALIZADOS,Regalos,650.0,1625.0,0,True,https://disershop.com.uy/empresariales-promocionales/tablas-y-accesorios/tabla-combinada-para-grabar-40x23cm
2738,Tapa Sublimable 16x22 10 unidades,Tapa Sublimable 16x22 10 unidades,REGALOS PERSONALIZADOS,Regalos,,,0,False,https://disershop.com.uy/emprendedores/sublimables/cartulina-cristal/tapa-sublimable-16x22-10-unidades
2739,Tapa Sublimable 2024 10 unidades,Tapa Sublimable 2024 10 unidades,REGALOS PERSONALIZADOS,Regalos,,,0,False,https://disershop.com.uy/sublimacion-todo?product_id=19639
1837,"Tateti Madera Cristal sub. 14,5x14,5cm","Tateti Madera Cristal sub. 14,5x14,5cm",REGALOS PERSONALIZADOS,Regalos,99.0,247.5,0,True,https://disershop.com.uy/emprendedores/sublimables/mdf/tateti-mdf-sub-14-5x14-5cm
591,Caja Blanca Para Jarros Sublimables (SU-MG-CAJA),Caja Blanca Para Jarros Sublimables (SU-MG-CAJA),REGALOS PERSONALIZADOS,Tazas,6.0,15.0,1,True,https://disershop.com.uy/día-de-la-madre/personalizacion/caja-blanca-para-jarros-sublimables
592,Caja De Jarros Sublimables AA 36 Unidades (SU-MG-AA-036),Caja De Jarros Sublimables AA 36 Unidades (SU-MG-AA-036),REGALOS PERSONALIZADOS,Tazas,1404.0,3510.0,1,True,https://disershop.com.uy/sublimacion-todo/jarros-sublimables/jarros-blancos/caja-de-jarros-sublimables-aa-36-unidades
2096,Caja Sublimable p/ taza c/ventana 10 unidades,Caja Sublimable p/ taza c/ventana 10 unidades,REGALOS PERSONALIZADOS,Tazas,,,0,False,https://disershop.com.uy/emprendedores/sublimables/cartulina-cristal/caja-sublimable-p-taza-c-ventana-10-unidades
759,Camiseta Slim TC Mostaza,Camiseta Slim TC Mostaza,REGALOS PERSONALIZADOS,Tazas,149.0,372.5,1,True,https://disershop.com.uy/productos/vestimenta/camisetas/camiseta-slim-tc-mostaza
1243,Jarro 11oz Esmerilado Neon Azul,Jarro 11oz Esmerilado Neon Azul,REGALOS PERSONALIZADOS,Tazas,69.0,172.5,1,True,https://disershop.com.uy/emprendedores/sublimables/jarros-emprendedores/jarro-11oz-esmerilado-neon-azul
1244,Jarro 11oz Esmerilado Neon Celeste,Jarro 11oz Esmerilado Neon Celeste,REGALOS PERSONALIZADOS,Tazas,69.0,172.5,1,True,https://disershop.com.uy/emprendedores/sublimables/jarros-emprendedores/jarro-11oz-esmerilado-neon-celeste
1245,Jarro 11oz Esmerilado Neon Fucsia,Jarro 11oz Esmerilado Neon Fucsia,REGALOS PERSONALIZADOS,Tazas,69.0,172.5,1,True,https://disershop.com.uy/emprendedores/sublimables/jarros-emprendedores/jarro-11oz-esmerilado-neon-fucsia
1246,Jarro 11oz Esmerilado Neon Naranja,Jarro 11oz Esmerilado Neon Naranja,REGALOS PERSONALIZADOS,Tazas,69.0,172.5,1,True,https://disershop.com.uy/emprendedores/sublimables/jarros-emprendedores/jarro-11oz-esmerilado-neon-naranja
1247,Jarro 11oz Esmerilado Neon Rojo,Jarro 11oz Esmerilado Neon Rojo,REGALOS PERSONALIZADOS,Tazas,69.0,172.5,1,True,https://disershop.com.uy/emprendedores/sublimables/jarros-emprendedores/jarro-11oz-esmerilado-neon-rojo
1248,Jarro Acero Esmaltado 11oz Blanco,Jarro Acero Esmaltado 11oz Blanco,REGALOS PERSONALIZADOS,Tazas,169.0,422.5,1,True,https://disershop.com.uy/emprendedores/sublimables/metálicos/jarro-acero-esmaltado-11oz-blanco
1249,Jarro Acero Sublimable 300ml Blanco,Jarro Acero Sublimable 300ml Blanco,REGALOS PERSONALIZADOS,Tazas,159.0,397.5,0,True,https://disershop.com.uy/sublimacion-todo/jarros-sublimables/jarros-blancos/jarro-acero-sublimable-300ml-blanco
1250,Jarro Apilable 300ml Blanco / Naranja,Jarro Apilable 300ml Blanco / Naranja,REGALOS PERSONALIZADOS,Tazas,79.0,197.5,1,True,https://disershop.com.uy/emprendedores/sublimables/jarros-emprendedores/jarro-apilable-300ml-blanco-naranja
1251,Jarro Apilable 300ml Blanco / Negro,Jarro Apilable 300ml Blanco / Negro,REGALOS PERSONALIZADOS,Tazas,79.0,197.5,1,True,https://disershop.com.uy/emprendedores/sublimables/jarros-emprendedores/jarro-apilable-300ml-blanco-negro
1252,Jarro Apilable 300ml Blanco / Turquesa,Jarro Apilable 300ml Blanco / Turquesa,REGALOS PERSONALIZADOS,Tazas,79.0,197.5,1,True,https://disershop.com.uy/emprendedores/sublimables/jarros-emprendedores/jarro-apilable-300ml-blanco-turquesa
1253,Jarro Apilable 300ml Blanco / Violeta,Jarro Apilable 300ml Blanco / Violeta,REGALOS PERSONALIZADOS,Tazas,79.0,197.5,1,True,https://disershop.com.uy/emprendedores/sublimables/jarros-emprendedores/jarro-apilable-300ml-blanco-violeta
1254,Jarro Base Glitter Azul 11oz,Jarro Base Glitter Azul 11oz,REGALOS PERSONALIZADOS,Tazas,59.0,147.5,1,True,https://disershop.com.uy/emprendedores/sublimables/jarros-emprendedores/jarro-base-glitter-azul-11oz
1255,Jarro Base Glitter Dorado 11oz,Jarro Base Glitter Dorado 11oz,REGALOS PERSONALIZADOS,Tazas,49.0,122.5,0,True,https://disershop.com.uy/emprendedores/sublimables/jarros-emprendedores/jarro-base-glitter-dorado-11oz
1256,Jarro Base Glitter Rojo 11oz,Jarro Base Glitter Rojo 11oz,REGALOS PERSONALIZADOS,Tazas,49.0,122.5,0,True,https://disershop.com.uy/emprendedores/sublimables/jarros-emprendedores/jarro-base-glitter-rojo-11oz
1257,Jarro Base Glitter Rosado 11oz,Jarro Base Glitter Rosado 11oz,REGALOS PERSONALIZADOS,Tazas,79.0,197.5,0,True,https://disershop.com.uy/emprendedores/sublimables/jarros-emprendedores/jarro-base-glitter-rosado-11oz
1258,Jarro Chapado 11oz Plateado Celeste,Jarro Chapado 11oz Plateado Celeste,REGALOS PERSONALIZADOS,Tazas,49.0,122.5,1,True,https://disershop.com.uy/emprendedores/sublimables/jarros-emprendedores/jarro-chapado-11oz-plateado-celeste
1259,Jarro Chapado 11oz Plateado Rosado,Jarro Chapado 11oz Plateado Rosado,REGALOS PERSONALIZADOS,Tazas,49.0,122.5,1,True,https://disershop.com.uy/emprendedores/sublimables/jarros-emprendedores/jarro-chapado-11oz-plateado-rosado
1260,Jarro Esmaltado Glossy 360ml Coral,Jarro Esmaltado Glossy 360ml Coral,REGALOS PERSONALIZADOS,Tazas,189.0,472.5,1,True,https://disershop.com.uy/emprendedores/sublimables/jarros-emprendedores/jarro-esmaltado-glossy-360ml-coral-1
1261,Jarro Esmaltado Glossy 360ml Rosado,Jarro Esmaltado Glossy 360ml Rosado,REGALOS PERSONALIZADOS,Tazas,99.0,247.5,1,True,https://disershop.com.uy/cibermayorista-en-disershop/monitores-y-accesorios/jarro-esmaltado-glossy-360ml-rosado
1262,Jarro Esmaltado Glossy 360ml Turquesa,Jarro Esmaltado Glossy 360ml Turquesa,REGALOS PERSONALIZADOS,Tazas,189.0,472.5,0,True,https://disershop.com.uy/emprendedores/sublimables/jarros-emprendedores/jarro-esmaltado-glossy-360ml-turquesa
1263,Jarro Esmaltado Glossy 360ml Verde,Jarro Esmaltado Glossy 360ml Verde,REGALOS PERSONALIZADOS,Tazas,189.0,472.5,0,True,https://disershop.com.uy/emprendedores/sublimables/metálicos/jarro-esmaltado-glossy-360ml-verde
1264,Jarro Esmaltado Glossy 360ml Violeta,Jarro Esmaltado Glossy 360ml Violeta,REGALOS PERSONALIZADOS,Tazas,189.0,472.5,1,True,https://disershop.com.uy/emprendedores/sublimables/jarros-emprendedores/jarro-esmaltado-glossy-360ml-violeta
1265,Jarro Fluorescente 11oz Amarillo,Jarro Fluorescente 11oz Amarillo,REGALOS PERSONALIZADOS,Tazas,49.0,122.5,0,True,https://disershop.com.uy/emprendedores/sublimables/jarros-emprendedores/jarro-fluorescente-11oz-amarillo
1266,Jarro Fluorescente 11oz Fucsia,Jarro Fluorescente 11oz Fucsia,REGALOS PERSONALIZADOS,Tazas,49.0,122.5,1,True,https://disershop.com.uy/emprendedores/sublimables/jarros-emprendedores/jarro-fluorescente-11oz-fucsia
1267,Jarro Fluorescente 11oz Naranja,Jarro Fluorescente 11oz Naranja,REGALOS PERSONALIZADOS,Tazas,49.0,122.5,0,True,https://disershop.com.uy/emprendedores/sublimables/jarros-emprendedores/jarro-fluorescente-11oz-naranja
1268,Jarro Fluorescente 11oz Rojo,Jarro Fluorescente 11oz Rojo,REGALOS PERSONALIZADOS,Tazas,49.0,122.5,1,True,https://disershop.com.uy/emprendedores/sublimables/jarros-emprendedores/jarro-fluorescente-11oz-rojo
1269,Jarro Fluorescente 11oz Verde,Jarro Fluorescente 11oz Verde,REGALOS PERSONALIZADOS,Tazas,49.0,122.5,1,True,https://disershop.com.uy/emprendedores/sublimables/jarros-emprendedores/jarro-fluorescente-11oz-verde
2428,Jarro Fluorescente 11oz Violeta,Jarro Fluorescente 11oz Violeta,REGALOS PERSONALIZADOS,Tazas,,,0,False,https://disershop.com.uy/emprendedores/sublimables/jarros-emprendedores/jarro-fluorescente-11oz-violeta
1270,Jarro Fotoluminiscente (SU-MGLUMEN),Jarro Fotoluminiscente (SU-MGLUMEN),REGALOS PERSONALIZADOS,Tazas,89.0,222.5,0,True,https://disershop.com.uy/emprendedores/sublimables/jarros-emprendedores/jarro-fotoluminiscente
1271,Jarro Magico 50° Negro Sin Caja Individual (SU-JM-SC),Jarro Magico 50° Negro Sin Caja Individual (SU-JM-SC),REGALOS PERSONALIZADOS,Tazas,69.0,172.5,0,True,https://disershop.com.uy/emprendedores/sublimables/jarros-emprendedores/jarro-magico-50°-negro-sin-caja-individual
1272,Jarro Marmolado Azul,Jarro Marmolado Azul,REGALOS PERSONALIZADOS,Tazas,79.0,197.5,1,True,https://disershop.com.uy/emprendedores/sublimables/jarros-emprendedores/jarro-marmolado-azul-1
1273,Jarro Marmolado Gris,Jarro Marmolado Gris,REGALOS PERSONALIZADOS,Tazas,79.0,197.5,1,True,https://disershop.com.uy/emprendedores/sublimables/jarros-emprendedores/jarro-marmolado-gris
1274,Jarro Marmolado Rosado,Jarro Marmolado Rosado,REGALOS PERSONALIZADOS,Tazas,79.0,197.5,0,True,https://disershop.com.uy/emprendedores/sublimables/jarros-emprendedores/jarro-marmolado-rosado
1275,Jarro Sub. int. y asa de color amarillo,Jarro Sub. int. y asa de color amarillo,REGALOS PERSONALIZADOS,Tazas,49.0,122.5,1,True,https://disershop.com.uy/emprendedores/sublimables/jarros-emprendedores/jarro-sub-int-y-asa-de-color-amarillo
1276,Jarro Sub. int. y asa de color azul,Jarro Sub. int. y asa de color azul,REGALOS PERSONALIZADOS,Tazas,49.0,122.5,1,True,https://disershop.com.uy/emprendedores/sublimables/jarros-emprendedores/jarro-sub-int-y-asa-de-color-azul
1277,Jarro Sub. int. y asa de color bordeaux,Jarro Sub. int. y asa de color bordeaux,REGALOS PERSONALIZADOS,Tazas,39.0,97.5,0,True,https://disershop.com.uy/emprendedores/sublimables/jarros-emprendedores/jarro-sub-int-y-asa-de-color-bordeaux
1278,Jarro Sub. int. y asa de color celeste,Jarro Sub. int. y asa de color celeste,REGALOS PERSONALIZADOS,Tazas,49.0,122.5,1,True,https://disershop.com.uy/emprendedores/sublimables/jarros-emprendedores/jarro-sub-int-y-asa-de-color-celeste
2429,Jarro Sub. int. y asa de color coral,Jarro Sub. int. y asa de color coral,REGALOS PERSONALIZADOS,Tazas,,,0,False,https://disershop.com.uy/emprendedores/sublimables/jarros-emprendedores/jarro-sub-int-y-asa-de-color-coral
1279,Jarro Sub. int. y asa de color gris,Jarro Sub. int. y asa de color gris,REGALOS PERSONALIZADOS,Tazas,39.0,97.5,0,True,https://disershop.com.uy/emprendedores/sublimables/jarros-emprendedores/jarro-sub-int-y-asa-de-color-gris
1280,Jarro Sub. int. y asa de color manzana,Jarro Sub. int. y asa de color manzana,REGALOS PERSONALIZADOS,Tazas,49.0,122.5,1,True,https://disershop.com.uy/emprendedores/sublimables/jarros-emprendedores/jarro-sub-int-y-asa-de-color-manzana
1281,Jarro Sub. int. y asa de color naranja,Jarro Sub. int. y asa de color naranja,REGALOS PERSONALIZADOS,Tazas,49.0,122.5,1,True,https://disershop.com.uy/emprendedores/sublimables/jarros-emprendedores/jarro-sub-int-y-asa-de-color-naranja
1282,Jarro Sub. int. y asa de color negro,Jarro Sub. int. y asa de color negro,REGALOS PERSONALIZADOS,Tazas,49.0,122.5,1,True,https://disershop.com.uy/emprendedores/sublimables/jarros-emprendedores/jarro-sub-int-y-asa-de-color-negro
1283,Jarro Sub. int. y asa de color rojo,Jarro Sub. int. y asa de color rojo,REGALOS PERSONALIZADOS,Tazas,49.0,122.5,1,True,https://disershop.com.uy/emprendedores/sublimables/jarros-emprendedores/jarro-sub-int-y-asa-de-color-rojo
1284,Jarro Sub. int. y asa de color rosado,Jarro Sub. int. y asa de color rosado,REGALOS PERSONALIZADOS,Tazas,49.0,122.5,1,True,https://disershop.com.uy/emprendedores/sublimables/jarros-emprendedores/jarro-sub-int-y-asa-de-color-rosado
1285,Jarro Sub. int. y asa de color turqueza,Jarro Sub. int. y asa de color turqueza,REGALOS PERSONALIZADOS,Tazas,39.0,97.5,0,True,https://disershop.com.uy/emprendedores/sublimables/jarros-emprendedores/jarro-sub-int-y-asa-de-color-turqueza
2430,Jarro Sub. int. y asa de color verde,Jarro Sub. int. y asa de color verde,REGALOS PERSONALIZADOS,Tazas,,,1,False,https://disershop.com.uy/emprendedores/sublimables/jarros-emprendedores/jarro-sub-int-y-asa-de-color-verde
2431,Jarro Sub. int. y asa de color violeta,Jarro Sub. int. y asa de color violeta,REGALOS PERSONALIZADOS,Tazas,,,0,False,https://disershop.com.uy/emprendedores/sublimables/jarros-emprendedores/jarro-sub-int-y-asa-de-color-violeta
2432,Jarro Sub. interior de color amarillo,Jarro Sub. interior de color amarillo,REGALOS PERSONALIZADOS,Tazas,,,0,False,https://disershop.com.uy/emprendedores/sublimables/jarros-emprendedores/jarro-sub-interior-de-color-amarillo-1
2433,Jarro Sub. interior de color azul,Jarro Sub. interior de color azul,REGALOS PERSONALIZADOS,Tazas,,,0,False,https://disershop.com.uy/emprendedores/sublimables/jarros-emprendedores/jarro-sub-interior-de-color-azul
2434,Jarro Sub. interior de color bordeaux,Jarro Sub. interior de color bordeaux,REGALOS PERSONALIZADOS,Tazas,,,0,False,https://disershop.com.uy/emprendedores/sublimables/jarros-emprendedores/jarro-sub-interior-de-color-bordeaux
2435,Jarro Sub. interior de color celeste,Jarro Sub. interior de color celeste,REGALOS PERSONALIZADOS,Tazas,,,0,False,https://disershop.com.uy/emprendedores/sublimables/jarros-emprendedores/jarro-sub-interior-de-color-celeste
1286,Jarro Sub. interior de color negro,Jarro Sub. interior de color negro,REGALOS PERSONALIZADOS,Tazas,39.0,97.5,0,True,https://disershop.com.uy/emprendedores/sublimables/jarros-emprendedores/jarro-sub-interior-de-color-negro
2436,Jarro Sub. interior de color rojo,Jarro Sub. interior de color rojo,REGALOS PERSONALIZADOS,Tazas,,,0,False,https://disershop.com.uy/emprendedores/sublimables/jarros-emprendedores/jarro-sub-interior-de-color-rojo
2437,Jarro Sub. interior de color rosado,Jarro Sub. interior de color rosado,REGALOS PERSONALIZADOS,Tazas,,,0,False,https://disershop.com.uy/emprendedores/sublimables/jarros-emprendedores/jarro-sub-interior-de-color-rosado
2438,Jarro Sub. interior de color verde,Jarro Sub. interior de color verde,REGALOS PERSONALIZADOS,Tazas,,,0,False,https://disershop.com.uy/emprendedores/sublimables/jarros-emprendedores/jarro-sub-interior-de-color-verde
1287,Jarro Sublimable (SU-MG-01),Jarro Sublimable (SU-MG-01),REGALOS PERSONALIZADOS,Tazas,30.0,75.0,1,True,https://disershop.com.uy/sublimacion-todo/jarros-sublimables/jarros-blancos/jarro-sublimable-a-con-caja
1288,Jarro Sublimable AA (SU-MG-AA),Jarro Sublimable AA (SU-MG-AA),REGALOS PERSONALIZADOS,Tazas,40.0,100.0,1,True,https://disershop.com.uy/sublimacion-todo/jarros-sublimables/jarros-blancos/jarro-sublimable-aa-con-caja
2439,Jarro Sublimable AA Caja Ventana,Jarro Sublimable AA Caja Ventana,REGALOS PERSONALIZADOS,Tazas,,,0,False,https://disershop.com.uy/sublimacion-todo/jarros-sublimables/jarros-blancos/jarro-sublimable-aa-caja-ventana
1289,Jarro Sublimable Chapado Fucsia 11oz,Jarro Sublimable Chapado Fucsia 11oz,REGALOS PERSONALIZADOS,Tazas,49.0,122.5,1,True,https://disershop.com.uy/emprendedores/sublimables/jarros-emprendedores/jarro-sublimable-chapado-fucsia-11oz
1290,Jarro Sublimable Chapado Plata 11oz,Jarro Sublimable Chapado Plata 11oz,REGALOS PERSONALIZADOS,Tazas,59.0,147.5,0,True,https://disershop.com.uy/emprendedores/sublimables/jarros-emprendedores/jarro-sublimable-chapado-plata-11oz
1291,Jarro Sublimable Esmerilado 11Oz 330Cc (SU-JAVI11),Jarro Sublimable Esmerilado 11Oz 330Cc (SU-JAVI11),REGALOS PERSONALIZADOS,Tazas,59.0,147.5,1,True,https://disershop.com.uy/emprendedores/sublimables/jarros-emprendedores/jarro-sublimable-esmerilado-11oz-330cc
2440,Jarro Sublimable Orca,Jarro Sublimable Orca,REGALOS PERSONALIZADOS,Tazas,,,1,False,https://disershop.com.uy/sublimacion-todo?product_id=20937
2441,Jarro Sublimable Promo A,Jarro Sublimable Promo A,REGALOS PERSONALIZADOS,Tazas,,,0,False,https://disershop.com.uy/emprendedores/sublimables/jarros-emprendedores/jarro-sublimable-promo-a
1292,Jarro Térmico Sublimable Blanco (SU-MGACERO-01),Jarro Térmico Sublimable Blanco (SU-MGACERO-01),REGALOS PERSONALIZADOS,Tazas,219.0,547.5,1,True,https://disershop.com.uy/emprendedores/sublimables/metálicos/jarro-térmico-sublimable-blanco
2442,Jarro conico sublimable 12oz,Jarro conico sublimable 12oz,REGALOS PERSONALIZADOS,Tazas,,,0,False,https://disershop.com.uy/emprendedores/sublimables/jarros-emprendedores/jarro-conico-sublimable-12oz
1293,Jarro glitter azul 11oz,Jarro glitter azul 11oz,REGALOS PERSONALIZADOS,Tazas,69.0,172.5,0,True,https://disershop.com.uy/emprendedores/sublimables/jarros-emprendedores/jarro-glitter-azul-11oz-1
2443,Jarro glitter degrade fucsia/dorado,Jarro glitter degrade fucsia/dorado,REGALOS PERSONALIZADOS,Tazas,,,0,False,https://disershop.com.uy/emprendedores/sublimables/jarros-emprendedores/jarro-glitter-degrade-fucsia-dorado-1
2444,Jarro glitter degrade plateado/ celeste,Jarro glitter degrade plateado/ celeste,REGALOS PERSONALIZADOS,Tazas,,,0,False,https://disershop.com.uy/emprendedores/sublimables/jarros-emprendedores/jarro-glitter-degrade-plateado-celeste
2445,Jarro glitter degrade rosado/celeste,Jarro glitter degrade rosado/celeste,REGALOS PERSONALIZADOS,Tazas,,,0,False,https://disershop.com.uy/emprendedores/sublimables/jarros-emprendedores/jarro-glitter-degrade-rosado-celeste
1294,Jarro glitter dorado 11oz,Jarro glitter dorado 11oz,REGALOS PERSONALIZADOS,Tazas,69.0,172.5,1,True,https://disershop.com.uy/emprendedores/sublimables/jarros-emprendedores/jarro-glitter-dorado-11oz
2446,Jarro glitter fucsia 11oz,Jarro glitter fucsia 11oz,REGALOS PERSONALIZADOS,Tazas,,,0,False,https://disershop.com.uy/emprendedores/sublimables/jarros-emprendedores/jarro-glitter-fucsia-11oz
1295,Jarro glitter plateado 11oz,Jarro glitter plateado 11oz,REGALOS PERSONALIZADOS,Tazas,69.0,172.5,0,True,https://disershop.com.uy/emprendedores/sublimables/jarros-emprendedores/jarro-glitter-plateado-11oz
2447,Jarro magico int. y cuchara color coral,Jarro magico int. y cuchara color coral,REGALOS PERSONALIZADOS,Tazas,,,0,False,https://disershop.com.uy/sublimacion-todo/jarro-magico-int-y-cuchara-color-coral
1296,Jarro mágico int. y cuchara color amarillo,Jarro mágico int. y cuchara color amarillo,REGALOS PERSONALIZADOS,Tazas,79.0,197.5,0,True,https://disershop.com.uy/emprendedores/sublimables/jarros-emprendedores/jarro-mágico-int-y-cuchara-color-amarillo
2448,Jarro mágico int. y cuchara color azul,Jarro mágico int. y cuchara color azul,REGALOS PERSONALIZADOS,Tazas,,,0,False,https://disershop.com.uy/emprendedores/sublimables/jarros-emprendedores/jarro-mágico-int-y-cuchara-color-azul
1297,Jarro mágico int. y cuchara color manzana,Jarro mágico int. y cuchara color manzana,REGALOS PERSONALIZADOS,Tazas,79.0,197.5,0,True,https://disershop.com.uy/emprendedores/sublimables/jarros-emprendedores/jarro-mágico-int-y-cuchara-color-manzana
1298,Jarro mágico int. y cuchara color naranja,Jarro mágico int. y cuchara color naranja,REGALOS PERSONALIZADOS,Tazas,79.0,197.5,0,True,https://disershop.com.uy/emprendedores/sublimables/jarros-emprendedores/jarro-mágico-int-y-cuchara-color-naranja
1299,Jarro mágico int. y cuchara color rojo,Jarro mágico int. y cuchara color rojo,REGALOS PERSONALIZADOS,Tazas,79.0,197.5,0,True,https://disershop.com.uy/emprendedores/sublimables/jarros-emprendedores/jarro-mágico-int-y-cuchara-color-rojo
1300,Jarro mágico int. y cuchara color rosado,Jarro mágico int. y cuchara color rosado,REGALOS PERSONALIZADOS,Tazas,79.0,197.5,0,True,https://disershop.com.uy/emprendedores/sublimables/jarros-emprendedores/jarro-mágico-int-y-cuchara-color-rosado
2449,Jarro sublimable asa dorada 11oz,Jarro sublimable asa dorada 11oz,REGALOS PERSONALIZADOS,Tazas,,,0,False,https://disershop.com.uy/emprendedores/sublimables/jarros-emprendedores/jarro-sublimable-asa-dorada-11oz-1
1301,Jarro sublimable asa plateada 11oz,Jarro sublimable asa plateada 11oz,REGALOS PERSONALIZADOS,Tazas,69.0,172.5,0,True,https://disershop.com.uy/emprendedores/sublimables/jarros-emprendedores/jarro-sublimable-asa-plateada-11oz
1302,Jarro sublimable chapado rojo 11oz,Jarro sublimable chapado rojo 11oz,REGALOS PERSONALIZADOS,Tazas,49.0,122.5,1,True,https://disershop.com.uy/emprendedores/sublimables/jarros-emprendedores/jarro-sublimable-chapado-rojo-11oz
1303,Jarro sublimable chapado rosa oro 11oz,Jarro sublimable chapado rosa oro 11oz,REGALOS PERSONALIZADOS,Tazas,98.0,245.0,1,True,https://disershop.com.uy/emprendedores/sublimables/jarros-emprendedores/jarro-sublimable-chapado-rosa-oro-11oz
1304,Jarro sublimable cromolux manzana 11oz,Jarro sublimable cromolux manzana 11oz,REGALOS PERSONALIZADOS,Tazas,49.0,122.5,1,True,https://disershop.com.uy/emprendedores/sublimables/jarros-emprendedores/jarro-sublimable-cromolux-manzana-11oz
1305,Jarro sublimable cromolux rosado 11oz,Jarro sublimable cromolux rosado 11oz,REGALOS PERSONALIZADOS,Tazas,49.0,122.5,1,True,https://disershop.com.uy/emprendedores/sublimables/jarros-emprendedores/jarro-sublimable-cromolux-rosado-11oz
1306,Jarro sublimable cromolux verde 11oz,Jarro sublimable cromolux verde 11oz,REGALOS PERSONALIZADOS,Tazas,49.0,122.5,1,True,https://disershop.com.uy/emprendedores/sublimables/jarros-emprendedores/jarro-sublimable-cromolux-verde-11oz
1307,Jarro sublimable dorado 11oz,Jarro sublimable dorado 11oz,REGALOS PERSONALIZADOS,Tazas,49.0,122.5,0,True,https://disershop.com.uy/emprendedores/sublimables/jarros-emprendedores/jarro-sublimable-dorado-11oz-1
1308,Jarro sublimable plateado 11oz,Jarro sublimable plateado 11oz,REGALOS PERSONALIZADOS,Tazas,49.0,122.5,0,True,https://disershop.com.uy/emprendedores/sublimables/jarros-emprendedores/jarro-sublimable-plateado-11oz
2613,Porta taza Sublimable 10 unidades,Porta taza Sublimable 10 unidades,REGALOS PERSONALIZADOS,Tazas,,,0,False,https://disershop.com.uy/emprendedores/sublimables/cartulina-cristal/porta-taza-sublimable-10-unidades
2740,Taza 8 oz c/caja nacional escudo fondo azul,Taza 8 oz c/caja nacional escudo fondo azul,REGALOS PERSONALIZADOS,Tazas,,,0,False,https://disershop.com.uy/index.php?route=product/product&product_id=20619
1953,BOTELLA MOTIVACIONAL TOMA02 800ml ROJO/CELESTE,BOTELLA MOTIVACIONAL TOMA02 800ml ROJO/CELESTE,REGALOS PERSONALIZADOS,Termos y botellas,,,0,False,https://disershop.com.uy/sublimacion-todo?product_id=19978
1954,BOTELLA MOTIVACIONAL TOMA02 800ml ROSADO/VERDE CLARO,BOTELLA MOTIVACIONAL TOMA02 800ml ROSADO/VERDE CLARO,REGALOS PERSONALIZADOS,Termos y botellas,,,0,False,https://disershop.com.uy/sublimacion-todo?product_id=19975
519,Botella Acero Doble Pared 5502 600ml Blanco,Botella Acero Doble Pared 5502 600ml Blanco,REGALOS PERSONALIZADOS,Termos y botellas,459.0,1147.5,0,True,https://disershop.com.uy/cibermayorista-en-disershop/monitores-y-accesorios/botella-acero-doble-pared-5502-600ml-blanco
520,Botella Acero Doble Pared 5502 600ml Negro,Botella Acero Doble Pared 5502 600ml Negro,REGALOS PERSONALIZADOS,Termos y botellas,459.0,1147.5,0,True,https://disershop.com.uy/cibermayorista-en-disershop/monitores-y-accesorios/botella-acero-doble-pared-5502-600ml-negro
2046,Botella Acero Doble Pared con Display 5501 400ml Azul,Botella Acero Doble Pared con Display 5501 400ml Azul,REGALOS PERSONALIZADOS,Termos y botellas,,,0,False,https://disershop.com.uy/cibermayorista-en-disershop/monitores-y-accesorios/botella-acero-doble-pared-con-display-5501-400ml-azul
2047,Botella Acero Doble Pared con Display 5501 400ml Blanco,Botella Acero Doble Pared con Display 5501 400ml Blanco,REGALOS PERSONALIZADOS,Termos y botellas,,,0,False,https://disershop.com.uy/cibermayorista-en-disershop/monitores-y-accesorios/botella-acero-doble-pared-con-display-5501-400ml-blanco
2048,Botella Acero Doble Pared con Display 5501 400ml Negro,Botella Acero Doble Pared con Display 5501 400ml Negro,REGALOS PERSONALIZADOS,Termos y botellas,,,0,False,https://disershop.com.uy/cibermayorista-en-disershop/monitores-y-accesorios/botella-acero-doble-pared-con-display-5501-400ml-negro
2049,Botella Acero Doble Pared con Display 5501 400ml Rosado,Botella Acero Doble Pared con Display 5501 400ml Rosado,REGALOS PERSONALIZADOS,Termos y botellas,,,0,False,https://disershop.com.uy/cibermayorista-en-disershop/monitores-y-accesorios/botella-acero-doble-pared-con-display-5501-400ml-rosado
521,Botella Acero Grabable 500ml Amarillo,Botella Acero Grabable 500ml Amarillo,REGALOS PERSONALIZADOS,Termos y botellas,349.0,872.5,1,True,https://disershop.com.uy/cibermayorista-en-disershop/10-off/botella-acero-grabable-500ml-amarillo
522,Botella Acero Grabable 500ml Azul,Botella Acero Grabable 500ml Azul,REGALOS PERSONALIZADOS,Termos y botellas,349.0,872.5,0,True,https://disershop.com.uy/cibermayorista-en-disershop/10-off/botella-acero-grabable-500ml-azul
523,Botella Acero Grabable 500ml Rojo,Botella Acero Grabable 500ml Rojo,REGALOS PERSONALIZADOS,Termos y botellas,349.0,872.5,0,True,https://disershop.com.uy/cibermayorista-en-disershop/monitores-y-accesorios/botella-acero-grabable-500ml-rojo
524,Botella Acero Grabable Negro 500ml,Botella Acero Grabable Negro 500ml,REGALOS PERSONALIZADOS,Termos y botellas,349.0,872.5,1,True,https://disershop.com.uy/cibermayorista-en-disershop/10-off/botella-acero-grabable-negro-500ml
525,Botella Acero/Bambu 500ml Blanco,Botella Acero/Bambu 500ml Blanco,REGALOS PERSONALIZADOS,Termos y botellas,599.0,1497.5,1,True,https://disershop.com.uy/emprendedores/sublimables/metálicos/botella-acero-bambu-500ml-blanco
526,Botella Acero/Bambu 500ml Negro,Botella Acero/Bambu 500ml Negro,REGALOS PERSONALIZADOS,Termos y botellas,599.0,1497.5,1,True,https://disershop.com.uy/emprendedores/sublimables/metálicos/botella-acero-bambu-500ml-negro
527,Botella Acero/Bambu 500ml Plata,Botella Acero/Bambu 500ml Plata,REGALOS PERSONALIZADOS,Termos y botellas,599.0,1497.5,1,True,https://disershop.com.uy/emprendedores/sublimables/metálicos/botella-acero-bambu-500ml-plata
528,Botella Aluminio Sub. 750ml Amarillo,Botella Aluminio Sub. 750ml Amarillo,REGALOS PERSONALIZADOS,Termos y botellas,129.0,322.5,1,True,https://disershop.com.uy/emprendedores/sublimables/metálicos/botella-aluminio-sub-750ml-amarillo-1
529,Botella Aluminio Sub. 750ml Blanco,Botella Aluminio Sub. 750ml Blanco,REGALOS PERSONALIZADOS,Termos y botellas,139.0,347.5,1,True,https://disershop.com.uy/emprendedores/sublimables/metálicos/botella-aluminio-sub-750ml-blanco
530,Botella Aluminio Sub. 750ml Celeste,Botella Aluminio Sub. 750ml Celeste,REGALOS PERSONALIZADOS,Termos y botellas,129.0,322.5,1,True,https://disershop.com.uy/emprendedores/sublimables/metálicos/botella-aluminio-sub-750ml-celeste
531,Botella Aluminio Sub. 750ml Plata,Botella Aluminio Sub. 750ml Plata,REGALOS PERSONALIZADOS,Termos y botellas,129.0,322.5,1,True,https://disershop.com.uy/emprendedores/sublimables/metálicos/botella-aluminio-sub-750ml-plata
532,Botella Aluminio Sub. 750ml Turquesa,Botella Aluminio Sub. 750ml Turquesa,REGALOS PERSONALIZADOS,Termos y botellas,129.0,322.5,1,True,https://disershop.com.uy/emprendedores/sublimables/metálicos/botella-aluminio-sub-750ml-turquesa
2050,Botella Degrade Blanco/Turquesa 500ml,Botella Degrade Blanco/Turquesa 500ml,REGALOS PERSONALIZADOS,Termos y botellas,,,0,False,https://disershop.com.uy/sublimacion-todo?product_id=19244
533,Botella Degrade Rosado acero inox 500ml,Botella Degrade Rosado acero inox 500ml,REGALOS PERSONALIZADOS,Termos y botellas,349.0,872.5,0,True,https://disershop.com.uy/emprendedores/sublimables/metálicos/botella-degrade-blanco-rosado-500ml
534,Botella Degrade Verde claro acero inox 500ml,Botella Degrade Verde claro acero inox 500ml,REGALOS PERSONALIZADOS,Termos y botellas,349.0,872.5,0,True,https://disershop.com.uy/emprendedores/sublimables/metálicos/botella-degrade-blanco-verde-claro-500ml
2051,Botella Degrade Violeta acero inox 500ml,Botella Degrade Violeta acero inox 500ml,REGALOS PERSONALIZADOS,Termos y botellas,,,0,False,https://disershop.com.uy/emprendedores/sublimables/metálicos/botella-degrade-blanco-violeta-500ml
535,Botella Deportiva Transparente 500ml,Botella Deportiva Transparente 500ml,REGALOS PERSONALIZADOS,Termos y botellas,139.0,347.5,0,True,https://disershop.com.uy/cibermayorista-en-disershop/monitores-y-accesorios/botella-deportiva-transparente-500ml
536,Botella Deportiva Transparente 500ml Azul,Botella Deportiva Transparente 500ml Azul,REGALOS PERSONALIZADOS,Termos y botellas,139.0,347.5,1,True,https://disershop.com.uy/cibermayorista-en-disershop/monitores-y-accesorios/botella-deportiva-transparente-500ml-azul
537,Botella Deportiva Transparente 500ml Naranja,Botella Deportiva Transparente 500ml Naranja,REGALOS PERSONALIZADOS,Termos y botellas,139.0,347.5,1,True,https://disershop.com.uy/oficina-y-hogar/hogar/botella-deportiva-transparente-500ml-naranja
538,Botella Deportiva Transparente 500ml Negro,Botella Deportiva Transparente 500ml Negro,REGALOS PERSONALIZADOS,Termos y botellas,139.0,347.5,0,True,https://disershop.com.uy/cibermayorista-en-disershop/monitores-y-accesorios/botella-deportiva-transparente-500ml-negro
539,Botella Deportiva Transparente 500ml Rojo,Botella Deportiva Transparente 500ml Rojo,REGALOS PERSONALIZADOS,Termos y botellas,139.0,347.5,0,True,https://disershop.com.uy/cibermayorista-en-disershop/monitores-y-accesorios/botella-deportiva-transparente-500ml-rojo
540,Botella Deportiva Transparente 500ml Verde,Botella Deportiva Transparente 500ml Verde,REGALOS PERSONALIZADOS,Termos y botellas,139.0,347.5,1,True,https://disershop.com.uy/oficina-y-hogar/hogar/botella-deportiva-transparente-500ml-verde
541,Botella Doble Pared Engomado 500ml Blanco,Botella Doble Pared Engomado 500ml Blanco,REGALOS PERSONALIZADOS,Termos y botellas,469.0,1172.5,0,True,https://disershop.com.uy/oficina-y-hogar/hogar/termos-sw/botella-doble-pared-engomado-500ml-blanco
542,Botella Doble Pared Engomado 500ml Negro,Botella Doble Pared Engomado 500ml Negro,REGALOS PERSONALIZADOS,Termos y botellas,469.0,1172.5,0,True,https://disershop.com.uy/oficina-y-hogar/hogar/termos-sw/botella-doble-pared-engomado-500ml-negro
543,Botella Doble Pared Tapa Bambu Blanco,Botella Doble Pared Tapa Bambu Blanco,REGALOS PERSONALIZADOS,Termos y botellas,249.0,622.5,0,True,https://disershop.com.uy/oficina-y-hogar/hogar/termos-sw/botella-doble-pared-tapa-bambu-blanco
544,Botella Doble Pared Tapa Bambu Negro,Botella Doble Pared Tapa Bambu Negro,REGALOS PERSONALIZADOS,Termos y botellas,249.0,622.5,0,True,https://disershop.com.uy/oficina-y-hogar/hogar/termos-sw/botella-doble-pared-tapa-bambu-negro
2052,Botella Nebraska,Botella Nebraska,REGALOS PERSONALIZADOS,Termos y botellas,,,0,False,https://disershop.com.uy/sublimacion-todo?product_id=19165
2053,Botella Niagara,Botella Niagara,REGALOS PERSONALIZADOS,Termos y botellas,,,0,False,https://disershop.com.uy/sublimacion-todo?product_id=19163
546,Botella Sparrow Azul,Botella Sparrow Azul,REGALOS PERSONALIZADOS,Termos y botellas,399.0,997.5,0,True,https://disershop.com.uy/regalables/botellas-regalos/botella-sparrow-azul
547,Botella Sparrow Blanco,Botella Sparrow Blanco,REGALOS PERSONALIZADOS,Termos y botellas,399.0,997.5,0,True,https://disershop.com.uy/oficina-y-hogar/hogar/termos-sw/botella-sparrow-blanco
548,Botella Sparrow Celeste,Botella Sparrow Celeste,REGALOS PERSONALIZADOS,Termos y botellas,399.0,997.5,0,True,https://disershop.com.uy/oficina-y-hogar/hogar/termos-sw/botella-sparrow-celeste
549,Botella Sparrow Fucsia,Botella Sparrow Fucsia,REGALOS PERSONALIZADOS,Termos y botellas,399.0,997.5,0,True,https://disershop.com.uy/oficina-y-hogar/hogar/termos-sw/botella-sparrow-fucsia
550,Botella Sparrow Negro,Botella Sparrow Negro,REGALOS PERSONALIZADOS,Termos y botellas,399.0,997.5,0,True,https://disershop.com.uy/oficina-y-hogar/hogar/termos-sw/botella-sparrow-negro
2054,Botella Sublimable aluminio blanca 750ml,Botella Sublimable aluminio blanca 750ml,REGALOS PERSONALIZADOS,Termos y botellas,,,0,False,https://disershop.com.uy/emprendedores/sublimables/metálicos/botella-sublimable-aluminio-blanca-750ml
551,Botella de Acero Doble Pared 500ml Azul,Botella de Acero Doble Pared 500ml Azul,REGALOS PERSONALIZADOS,Termos y botellas,199.0,497.5,0,True,https://disershop.com.uy/regalables/botellas-regalos/botella-de-acero-doble-pared-500ml-azul-1
2055,Botella de Acero Doble Pared 500ml Blanco,Botella de Acero Doble Pared 500ml Blanco,REGALOS PERSONALIZADOS,Termos y botellas,,,0,False,https://disershop.com.uy/botella-de-acero-doble-pared-500ml-blanco
552,Botella de Acero Doble Pared 500ml Negro,Botella de Acero Doble Pared 500ml Negro,REGALOS PERSONALIZADOS,Termos y botellas,199.0,497.5,0,True,https://disershop.com.uy/regalables/botellas-regalos/botella-de-acero-doble-pared-500ml-negro
553,Botella degrade Celeste acero inox 500ml,Botella degrade Celeste acero inox 500ml,REGALOS PERSONALIZADOS,Termos y botellas,349.0,872.5,0,True,https://disershop.com.uy/emprendedores/sublimables/metálicos/botella-degrade-blanco-celeste-500ml
2056,Botella motivacional toma02 1l violeta/verde claro,Botella motivacional toma02 1l violeta/verde claro,REGALOS PERSONALIZADOS,Termos y botellas,,,0,False,https://disershop.com.uy/sublimacion-todo?product_id=20355
554,Botella sublimable 17oz/500ml Tapa Azul,Botella sublimable 17oz/500ml Tapa Azul,REGALOS PERSONALIZADOS,Termos y botellas,99.0,247.5,1,True,https://disershop.com.uy/todo-para-la-vuelta-a-clases/insumos/botella-sublimable-17oz-500ml-tapa-azul
555,Botella sublimable 17oz/500ml Tapa Roja,Botella sublimable 17oz/500ml Tapa Roja,REGALOS PERSONALIZADOS,Termos y botellas,99.0,247.5,1,True,https://disershop.com.uy/emprendedores/sublimables/metálicos/botella-sublimable-17oz-500ml-tapa-roja
556,Botella sublimable 17oz/500ml Tapa Transparente,Botella sublimable 17oz/500ml Tapa Transparente,REGALOS PERSONALIZADOS,Termos y botellas,99.0,247.5,1,True,https://disershop.com.uy/todo-para-la-vuelta-a-clases/insumos/botella-sublimable-17oz-500ml-tapa-transparente
557,Botella sublimable 17oz/500ml Tapa Verde Clara,Botella sublimable 17oz/500ml Tapa Verde Clara,REGALOS PERSONALIZADOS,Termos y botellas,99.0,247.5,1,True,https://disershop.com.uy/emprendedores/sublimables/metálicos/botella-sublimable-17oz-500ml-tapa-verde-clara
2057,Botella sublimable 22oz Tapa Azul,Botella sublimable 22oz Tapa Azul,REGALOS PERSONALIZADOS,Termos y botellas,,,0,False,https://disershop.com.uy/elecciones-2024/juegos/botella-sublimable-22oz-tapa-azul
2058,Botella sublimable 22oz Tapa Roja,Botella sublimable 22oz Tapa Roja,REGALOS PERSONALIZADOS,Termos y botellas,,,0,False,https://disershop.com.uy/elecciones-2024/juegos/botella-sublimable-22oz-tapa-roja
2059,Botella sublimable 22oz Tapa Transparente,Botella sublimable 22oz Tapa Transparente,REGALOS PERSONALIZADOS,Termos y botellas,,,0,False,https://disershop.com.uy/elecciones-2024/juegos/botella-sublimable-22oz-tapa-transparente
2060,Botella sublimable 22oz Tapa Verde Clara,Botella sublimable 22oz Tapa Verde Clara,REGALOS PERSONALIZADOS,Termos y botellas,,,0,False,https://disershop.com.uy/regalables/botellas-regalos/botella-sublimable-22oz-tapa-verde-clara
558,Botella sublimable aluminio Blanca 650ml,Botella sublimable aluminio Blanca 650ml,REGALOS PERSONALIZADOS,Termos y botellas,139.0,347.5,1,True,https://disershop.com.uy/emprendedores/sublimables/metálicos/botella-sublimable-aluminio-blanca-650ml
559,Botella sublimable blanca c/manija 22oz,Botella sublimable blanca c/manija 22oz,REGALOS PERSONALIZADOS,Termos y botellas,129.0,322.5,1,True,https://disershop.com.uy/emprendedores/sublimables/metálicos/botella-sublimable-blanca-c-manija-22oz
2090,CARAMAu00d1OLA NACIONAL,CARAMAÑOLA NACIONAL,REGALOS PERSONALIZADOS,Termos y botellas,,,0,False,https://disershop.com.uy/index.php?route=product/product&product_id=20808
955,Cantimplora Blanco Sublimable (SU-CANT-01),Cantimplora Blanco Sublimable (SU-CANT-01),REGALOS PERSONALIZADOS,Termos y botellas,99.0,247.5,1,True,https://disershop.com.uy/emprendedores/sublimables/metálicos/cantimplora-blanco-sublimable
2287,Caramau00f1ola de Acero Grabable Color 500ml,Caramañola de Acero Grabable Color 500ml,REGALOS PERSONALIZADOS,Termos y botellas,,,0,False,https://disershop.com.uy/sublimacion-todo?product_id=19255
2288,Caramañola Infantil Asa 360ml Tapa Gris/Naranja,Caramañola Infantil Asa 360ml Tapa Gris/Naranja,REGALOS PERSONALIZADOS,Termos y botellas,,,0,False,https://disershop.com.uy/emprendedores/sublimables/metálicos/caramañola-infantil-asa-360ml-tapa-gris-naranja
2289,Caramañola Infantil Asa 360ml Tapa Violeta/Rosado,Caramañola Infantil Asa 360ml Tapa Violeta/Rosado,REGALOS PERSONALIZADOS,Termos y botellas,,,0,False,https://disershop.com.uy/emprendedores/sublimables/metálicos/caramañola-infantil-asa-360ml-tapa-violeta-rosado
956,Caramañola Infantil Sub. 360ml 02 Tapa Amarilla,Caramañola Infantil Sub. 360ml 02 Tapa Amarilla,REGALOS PERSONALIZADOS,Termos y botellas,349.0,872.5,1,True,https://disershop.com.uy/emprendedores/sublimables/metálicos/caramañola-infantil-sub-360ml-02-tapa-amarilla
957,Caramañola Infantil Sub. 360ml 02 Tapa Negro,Caramañola Infantil Sub. 360ml 02 Tapa Negro,REGALOS PERSONALIZADOS,Termos y botellas,349.0,872.5,1,True,https://disershop.com.uy/emprendedores/sublimables/metálicos/caramañola-infantil-sub-360ml-02-tapa-negro
958,Caramañola Infantil Sub. 360ml 02 Tapa Rosada,Caramañola Infantil Sub. 360ml 02 Tapa Rosada,REGALOS PERSONALIZADOS,Termos y botellas,349.0,872.5,1,True,https://disershop.com.uy/emprendedores/sublimables/metálicos/caramañola-infantil-sub-360ml-02-tapa-rosada
959,Caramañola Infantil Sub. 360ml 02 Tapa Turquesa,Caramañola Infantil Sub. 360ml 02 Tapa Turquesa,REGALOS PERSONALIZADOS,Termos y botellas,349.0,872.5,1,True,https://disershop.com.uy/emprendedores/sublimables/metálicos/caramañola-infantil-sub-360ml-02-tapa-turquesa
960,Caramañola Infantil Sub. 360ml 02 Tapa Violeta,Caramañola Infantil Sub. 360ml 02 Tapa Violeta,REGALOS PERSONALIZADOS,Termos y botellas,349.0,872.5,1,True,https://disershop.com.uy/emprendedores/sublimables/metálicos/caramañola-infantil-sub-360ml-02-tapa-violeta
2290,Caramañola Infantil de Acero Sublimable 360ml Tapa Negro/Neg,Caramañola Infantil de Acero Sublimable 360ml Tapa Negro/Neg,REGALOS PERSONALIZADOS,Termos y botellas,,,0,False,https://disershop.com.uy/emprendedores/sublimables/metálicos/caramañola-infantil-de-acero-sublimable-360ml-tapa-negro-neg
961,Caramañola de Acero Grabable 500ml Azul Marino,Caramañola de Acero Grabable 500ml Azul Marino,REGALOS PERSONALIZADOS,Termos y botellas,299.0,747.5,0,True,https://disershop.com.uy/cibermayorista-en-disershop/monitores-y-accesorios/caramañola-de-acero-grabable-500ml-azul-marino
962,Caramañola de Acero Grabable 500ml Blanco,Caramañola de Acero Grabable 500ml Blanco,REGALOS PERSONALIZADOS,Termos y botellas,299.0,747.5,1,True,https://disershop.com.uy/cibermayorista-en-disershop/10-off/caramañola-de-acero-grabable-500ml-blanco
963,Caramañola de Acero Grabable 500ml Rojo,Caramañola de Acero Grabable 500ml Rojo,REGALOS PERSONALIZADOS,Termos y botellas,299.0,747.5,1,True,https://disershop.com.uy/cibermayorista-en-disershop/10-off/caramañola-de-acero-grabable-500ml-rojo
1057,Destapador -  Botella Madera Cristal,Destapador - Botella Madera Cristal,REGALOS PERSONALIZADOS,Termos y botellas,199.0,497.5,0,True,https://disershop.com.uy/emprendedores/sublimables/mdf/destapador-botella-mdf
2661,Set soportes de botella y auricular SpeedMax,Set soportes de botella y auricular SpeedMax,REGALOS PERSONALIZADOS,Termos y botellas,,,0,False,https://disershop.com.uy/productos/mobiliario?product_id=18954
2749,Termo 3d 380 nacional,Termo 3d 380 nacional,REGALOS PERSONALIZADOS,Termos y botellas,,,0,False,https://disershop.com.uy/index.php?route=product/product&product_id=20620
2750,Termo SW Clasico de Acero 1L Negro,Termo SW Clasico de Acero 1L Negro,REGALOS PERSONALIZADOS,Termos y botellas,,,0,False,https://disershop.com.uy/oficina-y-hogar/hogar/termos-sw/termo-sw-clasico-de-acero-1l-negro
2751,Termo SW Clasico de Acero 1L Plata,Termo SW Clasico de Acero 1L Plata,REGALOS PERSONALIZADOS,Termos y botellas,,,0,False,https://disershop.com.uy/oficina-y-hogar/hogar/termos-sw/termo-sw-clasico-de-acero-1l-plata
2752,Termo SW Clásico de Acero 1L Blanco,Termo SW Clásico de Acero 1L Blanco,REGALOS PERSONALIZADOS,Termos y botellas,,,0,False,https://disershop.com.uy/oficina-y-hogar/hogar/termos-sw/termo-sw-clasico-de-acero-1l-blanco
1842,Termo SW Premium de Acero 1L Blanco,Termo SW Premium de Acero 1L Blanco,REGALOS PERSONALIZADOS,Termos y botellas,599.0,1497.5,0,True,https://disershop.com.uy/oficina-y-hogar/hogar/termos-sw/termo-sw-premium-de-acero-1l-blanco
2753,Termo SW Premium de Acero 1L Negro,Termo SW Premium de Acero 1L Negro,REGALOS PERSONALIZADOS,Termos y botellas,,,0,False,https://disershop.com.uy/oficina-y-hogar/hogar/termos-sw/termo-sw-premium-de-acero-1l-negro
2754,Termo Stanley Adventure sin asa 25oz Blanco,Termo Stanley Adventure sin asa 25oz Blanco,REGALOS PERSONALIZADOS,Termos y botellas,,,0,False,https://disershop.com.uy/diserhome-productos/diserhome-ocio/diserhome-stanley/termo-stanley-adventure-sin-asa-25oz-blanco
2755,Termo Stanley Classic 1L Negro,Termo Stanley Classic 1L Negro,REGALOS PERSONALIZADOS,Termos y botellas,,,0,False,https://disershop.com.uy/regalables/botellas-regalos/termo-stanley-classic-1l-negro
2756,Termo Stanley Limestone 20 oz 600 ml Rosa,Termo Stanley Limestone 20 oz 600 ml Rosa,REGALOS PERSONALIZADOS,Termos y botellas,,,0,False,https://disershop.com.uy/diserhome-productos/diserhome-ocio/diserhome-stanley/termo-stanley-limestone-20-oz-600-ml-rosa
1843,Termo Sublimable 500ml Tapa Blanca,Termo Sublimable 500ml Tapa Blanca,REGALOS PERSONALIZADOS,Termos y botellas,199.0,497.5,1,True,https://disershop.com.uy/emprendedores/sublimables/metálicos/termo-sublimable-500ml-tapa-blanca
1844,Termo Sublimable 750Ml (SU-TERM750ML),Termo Sublimable 750Ml (SU-TERM750ML),REGALOS PERSONALIZADOS,Termos y botellas,349.0,872.5,1,True,https://disershop.com.uy/oficina-y-hogar/hogar/termos-sw/termo-sublimable-750ml
1845,Termo de Acero Doble Pared 1000ml 032 Azul,Termo de Acero Doble Pared 1000ml 032 Azul,REGALOS PERSONALIZADOS,Termos y botellas,629.0,1572.5,0,True,https://disershop.com.uy/oficina-y-hogar/hogar/termos-sw/termo-de-acero-doble-pared-1000ml-032-azul
1846,Termo de Acero Doble Pared 1000ml 032 Blanco,Termo de Acero Doble Pared 1000ml 032 Blanco,REGALOS PERSONALIZADOS,Termos y botellas,629.0,1572.5,0,True,https://disershop.com.uy/oficina-y-hogar/hogar/termos-sw/termo-de-acero-doble-pared-1000ml-032-blanco
1847,Termo de Acero Doble Pared 1000ml 032 Celeste,Termo de Acero Doble Pared 1000ml 032 Celeste,REGALOS PERSONALIZADOS,Termos y botellas,629.0,1572.5,1,True,https://disershop.com.uy/oficina-y-hogar/hogar/termos-sw/termo-de-acero-doble-pared-1000ml-032-celeste
1848,Termo de Acero Doble Pared 1000ml 032 Plata,Termo de Acero Doble Pared 1000ml 032 Plata,REGALOS PERSONALIZADOS,Termos y botellas,629.0,1572.5,0,True,https://disershop.com.uy/index.php?route=product/product&product_id=20878
1849,Termo de Acero Doble Pared 1000ml 032 Turquesa,Termo de Acero Doble Pared 1000ml 032 Turquesa,REGALOS PERSONALIZADOS,Termos y botellas,629.0,1572.5,1,True,https://disershop.com.uy/oficina-y-hogar/hogar/termos-sw/termo-de-acero-doble-pared-1000ml-032-turquesa
1850,Termo de Acero Doble Pared 750ml 031 Blanco,Termo de Acero Doble Pared 750ml 031 Blanco,REGALOS PERSONALIZADOS,Termos y botellas,599.0,1497.5,0,True,https://disershop.com.uy/oficina-y-hogar/hogar/termos-sw/termo-de-acero-doble-pared-750ml-031-blanco
1851,Termo de Acero Doble Pared 750ml 031 Celeste,Termo de Acero Doble Pared 750ml 031 Celeste,REGALOS PERSONALIZADOS,Termos y botellas,599.0,1497.5,0,True,https://disershop.com.uy/oficina-y-hogar/hogar/termos-sw/termo-de-acero-doble-pared-750ml-031-celeste
1852,Termo de Acero Doble Pared 750ml 031 Negro,Termo de Acero Doble Pared 750ml 031 Negro,REGALOS PERSONALIZADOS,Termos y botellas,599.0,1497.5,0,True,https://disershop.com.uy/oficina-y-hogar/hogar/termos-sw/termo-de-acero-doble-pared-750ml-031-negro
1853,Termo de Acero Doble Pared 750ml 031 Rosado,Termo de Acero Doble Pared 750ml 031 Rosado,REGALOS PERSONALIZADOS,Termos y botellas,599.0,1497.5,0,True,https://disershop.com.uy/oficina-y-hogar/hogar/termos-sw/termo-de-acero-doble-pared-750ml-031-rosado
1854,Termo de Acero Doble Pared 750ml 031 Verde Claro,Termo de Acero Doble Pared 750ml 031 Verde Claro,REGALOS PERSONALIZADOS,Termos y botellas,599.0,1497.5,0,True,https://disershop.com.uy/oficina-y-hogar/hogar/termos-sw/termo-de-acero-doble-pared-750ml-031-verde-claro
1855,Termo sublimable 500ml,Termo sublimable 500ml,REGALOS PERSONALIZADOS,Termos y botellas,219.0,547.5,1,True,https://disershop.com.uy/oficina-y-hogar/hogar/termos-sw/termo-sublimable-500ml
1955,BUFANDA PEu00d1AROL 145X16 CON FLECOS,BUFANDA PEÑAROL 145X16 CON FLECOS,REGALOS PERSONALIZADOS,Textil,,,0,False,https://disershop.com.uy/index.php?route=product/product&product_id=20580
1956,BUFANDA PEu00d1AROL 16,BUFANDA PEÑAROL 16,REGALOS PERSONALIZADOS,Textil,,,0,False,https://disershop.com.uy/index.php?route=product/product&product_id=20584
1957,Babero Sublimable Blanco,Babero Sublimable Blanco,REGALOS PERSONALIZADOS,Textil,,,0,False,https://disershop.com.uy/emprendedores/sublimables/textiles/babero-sublimable-blanco
1958,Babero chico nacional,Babero chico nacional,REGALOS PERSONALIZADOS,Textil,,,0,False,https://disershop.com.uy/index.php?route=product/product&product_id=20593
1959,Babero con velcro nacional,Babero con velcro nacional,REGALOS PERSONALIZADOS,Textil,,,0,False,https://disershop.com.uy/index.php?route=product/product&product_id=20594
1960,Bandana nacional,Bandana nacional,REGALOS PERSONALIZADOS,Textil,,,0,False,https://disershop.com.uy/index.php?route=product/product&product_id=20635
452,Body Sublimable Blanco (SU-BODY-01),Body Sublimable Blanco (SU-BODY-01),REGALOS PERSONALIZADOS,Textil,119.0,297.5,1,True,https://disershop.com.uy/emprendedores/sublimables/textiles/body-sublimable-blanco
453,Body Sublimable M/L Blanco (SU-BODYML-01),Body Sublimable M/L Blanco (SU-BODYML-01),REGALOS PERSONALIZADOS,Textil,119.0,297.5,1,True,https://disershop.com.uy/emprendedores/sublimables/textiles/body-sublimable-m-l-blanco
454,Body Sublimable M/L Blanco/Celeste,Body Sublimable M/L Blanco/Celeste,REGALOS PERSONALIZADOS,Textil,119.0,297.5,0,True,https://disershop.com.uy/consolas-y-videojuegos/hamacas/paseo-del-bebé/juegos-de-salón/body-sublimable-blanco-celeste
455,Body Sublimable M/L Blanco/Negro,Body Sublimable M/L Blanco/Negro,REGALOS PERSONALIZADOS,Textil,119.0,297.5,1,True,https://disershop.com.uy/consolas-y-videojuegos/hamacas/paseo-del-bebé/juegos-de-salón/body-sublimable-m-l-blanco-negro
456,Body Sublimable M/L Blanco/Rojo,Body Sublimable M/L Blanco/Rojo,REGALOS PERSONALIZADOS,Textil,119.0,297.5,1,True,https://disershop.com.uy/consolas-y-videojuegos/hamacas/paseo-del-bebé/juegos-de-salón/body-sublimable-m-l-blanco-rojo
457,Body Sublimable M/L Blanco/Rosado,Body Sublimable M/L Blanco/Rosado,REGALOS PERSONALIZADOS,Textil,119.0,297.5,1,True,https://disershop.com.uy/consolas-y-videojuegos/hamacas/paseo-del-bebé/juegos-de-salón/body-sublimable-m-l-blanco-rosado
2011,Body bebe nacional m / larga,Body bebe nacional m / larga,REGALOS PERSONALIZADOS,Textil,,,0,False,https://disershop.com.uy/index.php?route=product/product&product_id=20596
2061,Bufanda seda nacional,Bufanda seda nacional,REGALOS PERSONALIZADOS,Textil,,,0,False,https://disershop.com.uy/index.php?route=product/product&product_id=20626
2062,Bufanda seda uruguay,Bufanda seda uruguay,REGALOS PERSONALIZADOS,Textil,,,0,False,https://disershop.com.uy/index.php?route=product/product&product_id=20576
2063,Bufanda speedway,Bufanda speedway,REGALOS PERSONALIZADOS,Textil,,,0,False,https://disershop.com.uy/index.php?route=product/product&product_id=20586
2064,Bufanda tricolor,Bufanda tricolor,REGALOS PERSONALIZADOS,Textil,,,0,False,https://disershop.com.uy/index.php?route=product/product&product_id=20581
2065,Bufanda tricolor azul,Bufanda tricolor azul,REGALOS PERSONALIZADOS,Textil,,,0,False,https://disershop.com.uy/index.php?route=product/product&product_id=20806
2066,Bufanda tricolor blanca,Bufanda tricolor blanca,REGALOS PERSONALIZADOS,Textil,,,0,False,https://disershop.com.uy/index.php?route=product/product&product_id=20807
2067,Bufanda uruguay 145x16 con flecos,Bufanda uruguay 145x16 con flecos,REGALOS PERSONALIZADOS,Textil,,,0,False,https://disershop.com.uy/index.php?route=product/product&product_id=20582
2068,Bufanda uruguay auf 16,Bufanda uruguay auf 16,REGALOS PERSONALIZADOS,Textil,,,0,False,https://disershop.com.uy/index.php?route=product/product&product_id=21728
2070,Buzo Dama Felpa SW Beige,Buzo Dama Felpa SW Beige,REGALOS PERSONALIZADOS,Textil,,,0,False,https://disershop.com.uy/vestimenta/mujer/buzos/buzo-dama-felpa-sw-beige-1
2071,Buzo Dama Felpa SW Celeste,Buzo Dama Felpa SW Celeste,REGALOS PERSONALIZADOS,Textil,,,0,False,https://disershop.com.uy/vestimenta/mujer/buzos/buzo-dama-felpa-sw-celeste
2072,Buzo Dama Felpa SW Negro,Buzo Dama Felpa SW Negro,REGALOS PERSONALIZADOS,Textil,,,0,False,https://disershop.com.uy/vestimenta/mujer/buzos/buzo-dama-felpa-sw-negro
2073,Buzo Dama Felpa SW Salmon,Buzo Dama Felpa SW Salmon,REGALOS PERSONALIZADOS,Textil,,,0,False,https://disershop.com.uy/vestimenta/mujer/buzos/buzo-dama-felpa-sw-salmon
560,Buzo De Felpa Sw Azul Marino (INV-BUZFELSW-04),Buzo De Felpa Sw Azul Marino (INV-BUZFELSW-04),REGALOS PERSONALIZADOS,Textil,649.0,1622.5,1,True,https://disershop.com.uy/vestimenta/hombre/buzos/buzo-de-felpa-sw-azul-marino
561,Buzo De Felpa Sw Gris Melange (INV-BUZFELSW-05),Buzo De Felpa Sw Gris Melange (INV-BUZFELSW-05),REGALOS PERSONALIZADOS,Textil,649.0,1622.5,1,True,https://disershop.com.uy/vestimenta/hombre/buzos/buzo-de-felpa-sw-gris-melange
562,Buzo De Felpa Sw Negro (INV-BUZFELSW-02),Buzo De Felpa Sw Negro (INV-BUZFELSW-02),REGALOS PERSONALIZADOS,Textil,649.0,1622.5,1,True,https://disershop.com.uy/vestimenta/hombre/buzos/buzo-de-felpa-sw-negro
2074,Buzo Deportivo Camuflado,Buzo Deportivo Camuflado,REGALOS PERSONALIZADOS,Textil,,,0,False,https://disershop.com.uy/index.php?route=product/product&product_id=19578
563,Buzo Felpa AE Azul Marino,Buzo Felpa AE Azul Marino,REGALOS PERSONALIZADOS,Textil,699.0,1747.5,0,True,https://disershop.com.uy/productos/vestimenta/buzos-de-felpa/buzo-felpa-ae-azul-marino
564,Buzo Felpa AE Gris Melange,Buzo Felpa AE Gris Melange,REGALOS PERSONALIZADOS,Textil,699.0,1747.5,0,True,https://disershop.com.uy/productos/vestimenta/buzos-de-felpa/buzo-felpa-ae-gris-melange
565,Buzo Felpa AE Negro,Buzo Felpa AE Negro,REGALOS PERSONALIZADOS,Textil,699.0,1747.5,0,True,https://disershop.com.uy/productos/vestimenta/buzos-de-felpa/buzo-felpa-ae-negro
566,Buzo Felpa Medio Cierre Metal Azul Marino,Buzo Felpa Medio Cierre Metal Azul Marino,REGALOS PERSONALIZADOS,Textil,799.0,1997.5,1,True,https://disershop.com.uy/vestimenta/hombre/buzos/buzo-felpa-medio-cierre-metal-azul-marino-1
567,Buzo Felpa Medio Cierre Metal Beige,Buzo Felpa Medio Cierre Metal Beige,REGALOS PERSONALIZADOS,Textil,799.0,1997.5,1,True,https://disershop.com.uy/vestimenta/hombre/buzos/buzo-felpa-medio-cierre-metal-beige
568,Buzo Felpa Medio Cierre Metal Marron,Buzo Felpa Medio Cierre Metal Marron,REGALOS PERSONALIZADOS,Textil,799.0,1997.5,1,True,https://disershop.com.uy/vestimenta/hombre/buzos/buzo-felpa-medio-cierre-metal-marron
569,Buzo Felpa Medio Cierre Metal Negro,Buzo Felpa Medio Cierre Metal Negro,REGALOS PERSONALIZADOS,Textil,799.0,1997.5,1,True,https://disershop.com.uy/vestimenta/hombre/buzos/buzo-felpa-medio-cierre-metal-negro
570,Buzo Felpa SW Beige,Buzo Felpa SW Beige,REGALOS PERSONALIZADOS,Textil,649.0,1622.5,1,True,https://disershop.com.uy/vestimenta/hombre/buzos/buzo-felpa-sw-beige
571,Buzo Felpa SW Bordeaux,Buzo Felpa SW Bordeaux,REGALOS PERSONALIZADOS,Textil,649.0,1622.5,0,True,https://disershop.com.uy/productos/vestimenta/felpa-speedway/buzo-felpa-sw-bordeaux
572,Buzo Felpa SW Verde,Buzo Felpa SW Verde,REGALOS PERSONALIZADOS,Textil,649.0,1622.5,1,True,https://disershop.com.uy/productos/vestimenta/buzos-de-felpa/buzo-felpa-sw-verde
573,Buzo Felpa SW blanco,Buzo Felpa SW blanco,REGALOS PERSONALIZADOS,Textil,649.0,1622.5,1,True,https://disershop.com.uy/vestimenta/hombre/buzos/buzo-felpa-sw-blanco
574,Buzo Felpa SW celeste,Buzo Felpa SW celeste,REGALOS PERSONALIZADOS,Textil,649.0,1622.5,1,True,https://disershop.com.uy/vestimenta/hombre/buzos/buzo-felpa-sw-celeste
575,Buzo Felpa SW gris melange/azul,Buzo Felpa SW gris melange/azul,REGALOS PERSONALIZADOS,Textil,399.0,997.5,0,True,https://disershop.com.uy/vestimenta/mujer/buzos/buzo-felpa-sw-gris-melange-azul-1
576,Buzo Felpa SW gris melange/bordeaux,Buzo Felpa SW gris melange/bordeaux,REGALOS PERSONALIZADOS,Textil,399.0,997.5,1,True,https://disershop.com.uy/vestimenta/mujer/buzos/buzo-felpa-sw-gris-melange-bordeaux
577,Buzo Felpa SW gris melange/negro,Buzo Felpa SW gris melange/negro,REGALOS PERSONALIZADOS,Textil,399.0,997.5,0,True,https://disershop.com.uy/vestimenta/mujer/buzos/buzo-felpa-sw-gris-melange-negro
578,Buzo Niño Felpa SW Negro,Buzo Niño Felpa SW Negro,REGALOS PERSONALIZADOS,Textil,499.0,1247.5,1,True,https://disershop.com.uy/vestimenta/niño/buzos/buzo-niño-felpa-sw-negro
579,Buzo Niño Felpa SW azul,Buzo Niño Felpa SW azul,REGALOS PERSONALIZADOS,Textil,499.0,1247.5,1,True,https://disershop.com.uy/vestimenta/niño/buzos/buzo-niño-felpa-sw-azul
580,Buzo Niño Polar medio cierre SW Rojo,Buzo Niño Polar medio cierre SW Rojo,REGALOS PERSONALIZADOS,Textil,299.0,747.5,0,True,https://disershop.com.uy/productos/vestimenta/vestimenta-camperas/niños/buzo-niño-polar-medio-cierre-sw-rojo
2075,Buzo Polar Azul (RF-BUPO-04),Buzo Polar Azul (RF-BUPO-04),REGALOS PERSONALIZADOS,Textil,,,0,False,https://disershop.com.uy/vestimenta/ropa-de-trabajo/buzos-y-camperas/buzo-polar-azul
2076,Buzo Polar Dama Negro (RF-BUPODA-02),Buzo Polar Dama Negro (RF-BUPODA-02),REGALOS PERSONALIZADOS,Textil,,,0,False,https://disershop.com.uy/productos/vestimenta/buzos-de-felpa/buzo-polar-dama-negro
581,Buzo Polar Medio Cierre Classic Azul Marino,Buzo Polar Medio Cierre Classic Azul Marino,REGALOS PERSONALIZADOS,Textil,509.0,1272.5,1,True,https://disershop.com.uy/productos/invierno-2/artículos-de-bebés-para-baño/buzo-polar-medio-cierre-classic-azul-marino
582,Buzo Polar Medio Cierre Classic Gris Oscuro,Buzo Polar Medio Cierre Classic Gris Oscuro,REGALOS PERSONALIZADOS,Textil,509.0,1272.5,1,True,https://disershop.com.uy/productos/invierno-2/artículos-de-bebés-para-baño/buzo-polar-medio-cierre-classic-gris-oscuro
583,Buzo Polar Medio Cierre Classic Negro,Buzo Polar Medio Cierre Classic Negro,REGALOS PERSONALIZADOS,Textil,509.0,1272.5,1,True,https://disershop.com.uy/productos/invierno-2/artículos-de-bebés-para-baño/buzo-polar-medio-cierre-classic-negro
2077,Buzo Polar Negro (RF-BUPO-02),Buzo Polar Negro (RF-BUPO-02),REGALOS PERSONALIZADOS,Textil,,,0,False,https://disershop.com.uy/vestimenta/ropa-de-trabajo/buzos-y-camperas/buzo-polar-negro
584,Buzo Polar Niño Medio Cierre SW Azul,Buzo Polar Niño Medio Cierre SW Azul,REGALOS PERSONALIZADOS,Textil,299.0,747.5,0,True,https://disershop.com.uy/vestimenta/niño/buzos/buzo-polar-niño-medio-cierre-sw-azul
585,Buzo Polar medio cierre SW Bordeaux,Buzo Polar medio cierre SW Bordeaux,REGALOS PERSONALIZADOS,Textil,509.0,1272.5,1,True,https://disershop.com.uy/productos/vestimenta/buzos-de-felpa/buzo-polar-medio-cierre-sw-bordeaux
586,Buzo SW Terry Negro,Buzo SW Terry Negro,REGALOS PERSONALIZADOS,Textil,699.0,1747.5,1,True,https://disershop.com.uy/vestimenta/mujer/buzos/buzo-sw-terry-negro
2078,CAMISETA NIu00d1O AE NEGRA,CAMISETA NIÑO AE NEGRA,REGALOS PERSONALIZADOS,Textil,,,0,False,https://disershop.com.uy/index.php?route=product/product&product_id=20516
2079,CAMISETA NIu00d1O ALGUIEN AZUL,CAMISETA NIÑO ALGUIEN AZUL,REGALOS PERSONALIZADOS,Textil,,,0,False,https://disershop.com.uy/index.php?route=product/product&product_id=20511
2080,CAMISETA NIu00d1O ALGUIEN BLANCA,CAMISETA NIÑO ALGUIEN BLANCA,REGALOS PERSONALIZADOS,Textil,,,0,False,https://disershop.com.uy/index.php?route=product/product&product_id=20509
2081,CAMISETA NIu00d1O ALGUIEN ROJO,CAMISETA NIÑO ALGUIEN ROJO,REGALOS PERSONALIZADOS,Textil,,,0,False,https://disershop.com.uy/index.php?route=product/product&product_id=20512
2082,CAMISETA NIu00d1O LOBITO FRANCIA,CAMISETA NIÑO LOBITO FRANCIA,REGALOS PERSONALIZADOS,Textil,,,0,False,https://disershop.com.uy/index.php?route=product/product&product_id=20514
2083,CAMISETA NIu00d1O MI PAIS BLANCA,CAMISETA NIÑO MI PAIS BLANCA,REGALOS PERSONALIZADOS,Textil,,,0,False,https://disershop.com.uy/index.php?route=product/product&product_id=20485
2086,CAMISETA NIu00d1O SALVO BLANCO,CAMISETA NIÑO SALVO BLANCO,REGALOS PERSONALIZADOS,Textil,,,0,False,https://disershop.com.uy/index.php?route=product/product&product_id=20520
2087,CAMISETA NIu00d1O SUB BLANCA/NEGRO,CAMISETA NIÑO SUB BLANCA/NEGRO,REGALOS PERSONALIZADOS,Textil,,,0,False,https://disershop.com.uy/index.php?route=product/product&product_id=20515
2088,CAMISETA NIu00d1O VACA ROJA,CAMISETA NIÑO VACA ROJA,REGALOS PERSONALIZADOS,Textil,,,0,False,https://disershop.com.uy/index.php?route=product/product&product_id=20513
2089,CAMISETA RANGLAN NIu00d1O SUBLIMADA,CAMISETA RANGLAN NIÑO SUBLIMADA,REGALOS PERSONALIZADOS,Textil,,,0,False,https://disershop.com.uy/index.php?route=product/product&product_id=20425
617,Camiseta 100% Dry Amarillo,Camiseta 100% Dry Amarillo,REGALOS PERSONALIZADOS,Textil,179.0,447.5,1,True,https://disershop.com.uy/productos/vestimenta/camisetas-dry/drycool/camiseta-100-dry-amarillo
618,Camiseta 100% Dry Amarillo Fluo,Camiseta 100% Dry Amarillo Fluo,REGALOS PERSONALIZADOS,Textil,179.0,447.5,1,True,https://disershop.com.uy/productos/vestimenta/camisetas-dry/drycool/camiseta-100-dry-amarillo-fluo
619,Camiseta 100% Dry Azul Francia,Camiseta 100% Dry Azul Francia,REGALOS PERSONALIZADOS,Textil,179.0,447.5,1,True,https://disershop.com.uy/productos/vestimenta/camisetas-dry/drycool/camiseta-100-dry-azul-francia-1
620,Camiseta 100% Dry Blanca,Camiseta 100% Dry Blanca,REGALOS PERSONALIZADOS,Textil,179.0,447.5,1,True,https://disershop.com.uy/productos/vestimenta/camisetas-dry/drycool/camiseta-100-dry-blanca-1
621,Camiseta 100% Dry Celeste,Camiseta 100% Dry Celeste,REGALOS PERSONALIZADOS,Textil,179.0,447.5,1,True,https://disershop.com.uy/productos/vestimenta/camisetas-dry/drycool/camiseta-100-dry-celeste-1
622,Camiseta 100% Dry Fucsia,Camiseta 100% Dry Fucsia,REGALOS PERSONALIZADOS,Textil,179.0,447.5,1,True,https://disershop.com.uy/productos/vestimenta/camisetas-dry/drycool/camiseta-100-dry-fucsia-1
623,Camiseta 100% Dry Gris,Camiseta 100% Dry Gris,REGALOS PERSONALIZADOS,Textil,179.0,447.5,1,True,https://disershop.com.uy/productos/vestimenta/camisetas-dry/drycool/camiseta-100-dry-gris-1
624,Camiseta 100% Dry Negra,Camiseta 100% Dry Negra,REGALOS PERSONALIZADOS,Textil,179.0,447.5,1,True,https://disershop.com.uy/productos/vestimenta/camisetas-dry/drycool/camiseta-100-dry-negra-1
625,Camiseta 100% Dry Rosado,Camiseta 100% Dry Rosado,REGALOS PERSONALIZADOS,Textil,179.0,447.5,1,True,https://disershop.com.uy/productos/vestimenta/camisetas-dry/drycool/camiseta-100-dry-rosado-1
626,Camiseta 100% Dry Turquesa,Camiseta 100% Dry Turquesa,REGALOS PERSONALIZADOS,Textil,179.0,447.5,1,True,https://disershop.com.uy/productos/vestimenta/camisetas-dry/drycool/camiseta-100-dry-turquesa-1
627,Camiseta 100% Dry Verde Benetton,Camiseta 100% Dry Verde Benetton,REGALOS PERSONALIZADOS,Textil,179.0,447.5,1,True,https://disershop.com.uy/productos/vestimenta/camisetas-dry/drycool/camiseta-100-dry-verde-benetton-1
628,Camiseta 100% Dry Verde Claro,Camiseta 100% Dry Verde Claro,REGALOS PERSONALIZADOS,Textil,179.0,447.5,1,True,https://disershop.com.uy/productos/vestimenta/camisetas-dry/drycool/camiseta-100-dry-verde-claro-1
629,Camiseta 100% Dry Violeta,Camiseta 100% Dry Violeta,REGALOS PERSONALIZADOS,Textil,179.0,447.5,1,True,https://disershop.com.uy/productos/vestimenta/camisetas-dry/drycool/camiseta-100-dry-violeta-1
630,Camiseta Algodon Premium Blanco,Camiseta Algodon Premium Blanco,REGALOS PERSONALIZADOS,Textil,449.0,1122.5,1,True,https://disershop.com.uy/productos/vestimenta/camisetas/camiseta-algodon-premium-blanco
631,Camiseta Algodon Premium Fucsia,Camiseta Algodon Premium Fucsia,REGALOS PERSONALIZADOS,Textil,199.0,497.5,1,True,https://disershop.com.uy/productos/vestimenta/camisetas/camiseta-algodon-premium-fucsia
633,Camiseta Algodon Premium Negra,Camiseta Algodon Premium Negra,REGALOS PERSONALIZADOS,Textil,449.0,1122.5,1,True,https://disershop.com.uy/productos/vestimenta/camisetas/camiseta-algodon-premium-negro
634,Camiseta Algodon Premium Verde,Camiseta Algodon Premium Verde,REGALOS PERSONALIZADOS,Textil,199.0,497.5,1,True,https://disershop.com.uy/productos/vestimenta/camisetas/camiseta-algodon-premium-verde
635,Camiseta Algodón Manga larga con puño Azul marino,Camiseta Algodón Manga larga con puño Azul marino,REGALOS PERSONALIZADOS,Textil,399.0,997.5,1,True,https://disershop.com.uy/vestimenta/hombre/camisetas/camiseta-algodón-manga-larga-con-puño-azul-marino-1
636,Camiseta Algodón Manga larga con puño Blanca,Camiseta Algodón Manga larga con puño Blanca,REGALOS PERSONALIZADOS,Textil,399.0,997.5,1,True,https://disershop.com.uy/vestimenta/hombre/camisetas/camiseta-algodón-manga-larga-con-puño-blanco
637,Camiseta Algodón Manga larga con puño Naranja,Camiseta Algodón Manga larga con puño Naranja,REGALOS PERSONALIZADOS,Textil,399.0,997.5,1,True,https://disershop.com.uy/vestimenta/hombre/camisetas/camiseta-c-puno-ml-algodon-naranja
638,Camiseta Algodón Manga larga con puño Negra,Camiseta Algodón Manga larga con puño Negra,REGALOS PERSONALIZADOS,Textil,399.0,997.5,1,True,https://disershop.com.uy/vestimenta/hombre/camisetas/camiseta-algodón-manga-larga-con-puño-negro
639,Camiseta Amarilla (CI-07),Camiseta Amarilla (CI-07),REGALOS PERSONALIZADOS,Textil,279.0,697.5,1,True,https://disershop.com.uy/vestimenta/hombre/camisetas/camiseta-amarilla
640,Camiseta Azul Francia (CI-11),Camiseta Azul Francia (CI-11),REGALOS PERSONALIZADOS,Textil,279.0,697.5,1,True,https://disershop.com.uy/vestimenta/hombre/camisetas/camiseta-azul-francia
641,Camiseta Azul Marino (CI-04),Camiseta Azul Marino (CI-04),REGALOS PERSONALIZADOS,Textil,279.0,697.5,1,True,https://disershop.com.uy/vestimenta/hombre/camisetas/camiseta-azul-marino
646,Camiseta Basica Azul Francia,Camiseta Basica Azul Francia,REGALOS PERSONALIZADOS,Textil,219.0,547.5,1,True,https://disershop.com.uy/cibermayorista-en-disershop/monitores/camiseta-basica-azul-francia-2
647,Camiseta Basica Gris,Camiseta Basica Gris,REGALOS PERSONALIZADOS,Textil,219.0,547.5,1,True,https://disershop.com.uy/cibermayorista-en-disershop/monitores/camiseta-basica-gris
648,Camiseta Basica Negro,Camiseta Basica Negro,REGALOS PERSONALIZADOS,Textil,219.0,547.5,1,True,https://disershop.com.uy/cibermayorista-en-disershop/monitores/basica-negro
649,Camiseta Basica Rojo,Camiseta Basica Rojo,REGALOS PERSONALIZADOS,Textil,219.0,547.5,1,True,https://disershop.com.uy/cibermayorista-en-disershop/monitores/camiseta-basica-rojo-1
650,Camiseta Beige,Camiseta Beige,REGALOS PERSONALIZADOS,Textil,279.0,697.5,0,True,https://disershop.com.uy/cibermayorista-en-disershop/monitores/camiseta-beige
651,Camiseta Benetton (CI-13),Camiseta Benetton (CI-13),REGALOS PERSONALIZADOS,Textil,279.0,697.5,1,True,https://disershop.com.uy/vestimenta/hombre/camisetas/camiseta-benetton
652,Camiseta Blanca (CI-01),Camiseta Blanca (CI-01),REGALOS PERSONALIZADOS,Textil,279.0,697.5,1,True,https://disershop.com.uy/productos/vestimenta/camisetas/camiseta-blanca
653,Camiseta Blanca 100% algodón x10,Camiseta Blanca 100% algodón x10,REGALOS PERSONALIZADOS,Textil,1990.0,4975.0,1,True,https://disershop.com.uy/camisetas/camiseta-blanca-x10
654,Camiseta Bordeaux (CI-09),Camiseta Bordeaux (CI-09),REGALOS PERSONALIZADOS,Textil,279.0,697.5,1,True,https://disershop.com.uy/vestimenta/hombre/camisetas/camiseta-bordeaux
655,Camiseta Básica Blanca (CI-BA-01),Camiseta Básica Blanca (CI-BA-01),REGALOS PERSONALIZADOS,Textil,219.0,547.5,1,True,https://disershop.com.uy/vestimenta/hombre/camisetas/camiseta-basica-blanco
656,Camiseta Básica PolyCotton Azul Marino (CI-BA-04),Camiseta Básica PolyCotton Azul Marino (CI-BA-04),REGALOS PERSONALIZADOS,Textil,99.0,247.5,1,True,https://disershop.com.uy/vestimenta/hombre/camisetas/camiseta-basica-azul-marino
657,Camiseta Básica PolyCotton Azul francia,Camiseta Básica PolyCotton Azul francia,REGALOS PERSONALIZADOS,Textil,99.0,247.5,1,True,https://disershop.com.uy/vestimenta/hombre/camisetas/camiseta-basica-azul-francia
658,Camiseta Básica PolyCotton Gris melange,Camiseta Básica PolyCotton Gris melange,REGALOS PERSONALIZADOS,Textil,99.0,247.5,1,True,https://disershop.com.uy/vestimenta/hombre/camisetas/camiseta-basica-gris-melange
659,Camiseta Básica PolyCotton Negra (CI-BA-02),Camiseta Básica PolyCotton Negra (CI-BA-02),REGALOS PERSONALIZADOS,Textil,99.0,247.5,1,True,https://disershop.com.uy/vestimenta/hombre/camisetas/camiseta-basica-negro
660,Camiseta Básica PolyCotton Roja (CI-BA-03),Camiseta Básica PolyCotton Roja (CI-BA-03),REGALOS PERSONALIZADOS,Textil,99.0,247.5,1,True,https://disershop.com.uy/vestimenta/hombre/camisetas/camiseta-basica-rojo
661,Camiseta Básica PolyCotton Verde Ingles,Camiseta Básica PolyCotton Verde Ingles,REGALOS PERSONALIZADOS,Textil,219.0,547.5,1,True,https://disershop.com.uy/productos/vestimenta/camisetas/camiseta-basica-verde-irlandes
2119,Camiseta Casa Pueblo gris,Camiseta Casa Pueblo gris,REGALOS PERSONALIZADOS,Textil,,,0,False,https://disershop.com.uy/estampados/turismo/camisetas/camiseta-casa-pueblo-gris
662,Camiseta Celeste (CI-18),Camiseta Celeste (CI-18),REGALOS PERSONALIZADOS,Textil,279.0,697.5,1,True,https://disershop.com.uy/vestimenta/hombre/camisetas/camiseta-celeste
667,Camiseta Dama Essential Algodón Azul Marino,Camiseta Dama Essential Algodón Azul Marino,REGALOS PERSONALIZADOS,Textil,239.0,597.5,1,True,https://disershop.com.uy/productos/vestimenta/camisetas/camiseta-dama-essential-algodon-azul-marino
668,Camiseta Dama Essential Algodón Beige,Camiseta Dama Essential Algodón Beige,REGALOS PERSONALIZADOS,Textil,239.0,597.5,1,True,https://disershop.com.uy/productos/vestimenta/camisetas/camiseta-dama-essential-algodon-beige
669,Camiseta Dama Essential Algodón Blanco,Camiseta Dama Essential Algodón Blanco,REGALOS PERSONALIZADOS,Textil,239.0,597.5,1,True,https://disershop.com.uy/productos/vestimenta/camisetas/camiseta-dama-essential-algodon-blanco
670,Camiseta Dama Essential Algodón Gris Melange,Camiseta Dama Essential Algodón Gris Melange,REGALOS PERSONALIZADOS,Textil,239.0,597.5,1,True,https://disershop.com.uy/productos/vestimenta/camisetas/camiseta-dama-essential-algodon-gris-melange
671,Camiseta Dama Essential Algodón Negro,Camiseta Dama Essential Algodón Negro,REGALOS PERSONALIZADOS,Textil,239.0,597.5,1,True,https://disershop.com.uy/productos/vestimenta/camisetas/camiseta-dama-essential-algodon-negro
672,Camiseta Dama Essential Algodón Rojo,Camiseta Dama Essential Algodón Rojo,REGALOS PERSONALIZADOS,Textil,239.0,597.5,1,True,https://disershop.com.uy/productos/vestimenta/camisetas/camiseta-dama-essential-algodon-rojo
673,Camiseta Dama ML Cuello U Blanca,Camiseta Dama ML Cuello U Blanca,REGALOS PERSONALIZADOS,Textil,399.0,997.5,1,True,https://disershop.com.uy/vestimenta/mujer/camisetas/camiseta-dama-ml-cuello-u-blanco
674,Camiseta Dama ML Cuello U Negra,Camiseta Dama ML Cuello U Negra,REGALOS PERSONALIZADOS,Textil,399.0,997.5,1,True,https://disershop.com.uy/vestimenta/mujer/camisetas/camiseta-dama-ml-cuello-u-negro
675,Camiseta Dama ML Cuello V Blanca,Camiseta Dama ML Cuello V Blanca,REGALOS PERSONALIZADOS,Textil,99.0,247.5,0,True,https://disershop.com.uy/vestimenta/mujer/camisetas/camiseta-dama-ml-cuello-v-blanco
676,Camiseta Dama ML Cuello V Negra,Camiseta Dama ML Cuello V Negra,REGALOS PERSONALIZADOS,Textil,99.0,247.5,0,True,https://disershop.com.uy/vestimenta/mujer/camisetas/camiseta-dama-ml-cuello-v-negro
677,Camiseta Dama Sol Uy Azul,Camiseta Dama Sol Uy Azul,REGALOS PERSONALIZADOS,Textil,349.0,872.5,1,True,https://disershop.com.uy/vestimenta/deporte/vestimenta-futbol/uruguay-todo/camiseta-dama-sol-uy-azul
678,Camiseta Dama Sol Uy Blanco,Camiseta Dama Sol Uy Blanco,REGALOS PERSONALIZADOS,Textil,349.0,872.5,1,True,https://disershop.com.uy/vestimenta/deporte/vestimenta-futbol/uruguay-todo/camiseta-dama-sol-uy-blanco
679,Camiseta Dama Sol Uy Celeste,Camiseta Dama Sol Uy Celeste,REGALOS PERSONALIZADOS,Textil,349.0,872.5,1,True,https://disershop.com.uy/vestimenta/deporte/vestimenta-futbol/uruguay-todo/camiseta-dama-sol-uy-celeste
680,Camiseta Dama Sol Uy Negro,Camiseta Dama Sol Uy Negro,REGALOS PERSONALIZADOS,Textil,349.0,872.5,1,True,https://disershop.com.uy/vestimenta/deporte/vestimenta-futbol/uruguay-todo/camiseta-dama-sol-uy-negro
2120,Camiseta Dama Subliprint Gris Melange Claro (CI-DASUPT-46),Camiseta Dama Subliprint Gris Melange Claro (CI-DASUPT-46),REGALOS PERSONALIZADOS,Textil,,,0,False,https://disershop.com.uy/productos/sublimación/textiles/mujeres/camiseta-dama-subliprint-gris-melange-claro-1
681,Camiseta Dama Subliprint Manga Larga blanco/blanco,Camiseta Dama Subliprint Manga Larga blanco/blanco,REGALOS PERSONALIZADOS,Textil,179.0,447.5,1,True,https://disershop.com.uy/emprendedores/sublimables/textiles/camiseta-dama-subliprint-manga-larga-blanco-blanco
2121,Camiseta Dama Subliprint Rosado (CI-DASUPT-33),Camiseta Dama Subliprint Rosado (CI-DASUPT-33),REGALOS PERSONALIZADOS,Textil,,,0,False,https://disershop.com.uy/productos/sublimación/textiles/mujeres/camiseta-dama-subliprint-rosado
682,Camiseta Dama Subliprint gris melange/azul,Camiseta Dama Subliprint gris melange/azul,REGALOS PERSONALIZADOS,Textil,99.0,247.5,1,True,https://disershop.com.uy/emprendedores/sublimables/textiles/camiseta-dama-subliprint-gris-melange-azul
683,Camiseta Dama Subliprint gris melange/negro,Camiseta Dama Subliprint gris melange/negro,REGALOS PERSONALIZADOS,Textil,99.0,247.5,1,True,https://disershop.com.uy/emprendedores/sublimables/textiles/camiseta-dama-subliprint-gris-melange-negro
684,Camiseta Dama Subliprint gris melange/rojo,Camiseta Dama Subliprint gris melange/rojo,REGALOS PERSONALIZADOS,Textil,99.0,247.5,1,True,https://disershop.com.uy/emprendedores/sublimables/textiles/camiseta-dama-subliprint-gris-melange-rojo
685,Camiseta Dama V Blanca Spandex (CI-DAV-01),Camiseta Dama V Blanca Spandex (CI-DAV-01),REGALOS PERSONALIZADOS,Textil,349.0,872.5,1,True,https://disershop.com.uy/productos/vestimenta/camisetas/línea-femenina/camiseta-dama-v-blanco-spandex
2122,Camiseta Dama V Gris Melange Spandex (CI-DAV-05),Camiseta Dama V Gris Melange Spandex (CI-DAV-05),REGALOS PERSONALIZADOS,Textil,,,0,False,https://disershop.com.uy/productos/vestimenta/camisetas/línea-femenina/camiseta-dama-v-gris-melange-spandex
686,Camiseta Dama V Negra Spandex (CI-DAV-02),Camiseta Dama V Negra Spandex (CI-DAV-02),REGALOS PERSONALIZADOS,Textil,349.0,872.5,1,True,https://disershop.com.uy/productos/vestimenta/camisetas/línea-femenina/camiseta-dama-v-negro-spandex
2123,Camiseta Dama V Rojo Melange Spandex (CI-DAV-47),Camiseta Dama V Rojo Melange Spandex (CI-DAV-47),REGALOS PERSONALIZADOS,Textil,,,0,False,https://disershop.com.uy/productos/vestimenta/camisetas/línea-femenina/camiseta-dama-v-rojo-melange-spandex-1
2124,Camiseta Dama V Rosado Spandex,Camiseta Dama V Rosado Spandex,REGALOS PERSONALIZADOS,Textil,,,0,False,https://disershop.com.uy/productos/vestimenta/camisetas/línea-femenina/camiseta-dama-v-rosado-spandex
2125,Camiseta Dama V Verde Spandex,Camiseta Dama V Verde Spandex,REGALOS PERSONALIZADOS,Textil,,,0,False,https://disershop.com.uy/productos/vestimenta/camisetas/línea-femenina/camiseta-dama-v-verde-spandex
687,Camiseta Dry Amarillo,Camiseta Dry Amarillo,REGALOS PERSONALIZADOS,Textil,199.0,497.5,1,True,https://disershop.com.uy/productos/vestimenta/camisetas-dry/drycool/camiseta-dry-amarillo
688,Camiseta Dry Amarillo Fluo,Camiseta Dry Amarillo Fluo,REGALOS PERSONALIZADOS,Textil,199.0,497.5,1,True,https://disershop.com.uy/productos/vestimenta/camisetas-dry/drycool/camiseta-dry-amarillo-fluo
689,Camiseta Dry Azul Marino,Camiseta Dry Azul Marino,REGALOS PERSONALIZADOS,Textil,199.0,497.5,1,True,https://disershop.com.uy/productos/vestimenta/camisetas-dry/drycool/camiseta-dry-azul-marino
690,Camiseta Dry Blanco,Camiseta Dry Blanco,REGALOS PERSONALIZADOS,Textil,199.0,497.5,1,True,https://disershop.com.uy/productos/vestimenta/camisetas-dry/drycool/camiseta-dry-blanco
691,Camiseta Dry Kids Amarillo,Camiseta Dry Kids Amarillo,REGALOS PERSONALIZADOS,Textil,179.0,447.5,1,True,https://disershop.com.uy/camiseta-dry-kids-amarillo
692,Camiseta Dry Kids Amarillo Fluo,Camiseta Dry Kids Amarillo Fluo,REGALOS PERSONALIZADOS,Textil,179.0,447.5,1,True,https://disershop.com.uy/productos/vestimenta/camisetas-dry/drycool/camiseta-dry-kids-amarillo-fluo
693,Camiseta Dry Kids Celeste,Camiseta Dry Kids Celeste,REGALOS PERSONALIZADOS,Textil,179.0,447.5,1,True,https://disershop.com.uy/productos/vestimenta/camisetas-dry/drycool/camiseta-dry-kids-celeste
694,Camiseta Dry Negro,Camiseta Dry Negro,REGALOS PERSONALIZADOS,Textil,199.0,497.5,1,True,https://disershop.com.uy/productos/vestimenta/camisetas-dry/drycool/camiseta-dry-negro
695,Camiseta Dry Niño Blanco,Camiseta Dry Niño Blanco,REGALOS PERSONALIZADOS,Textil,179.0,447.5,1,True,https://disershop.com.uy/productos/vestimenta/camisetas-dry/drycool/camiseta-dry-kids-blanco
696,Camiseta Dry Niño Negro,Camiseta Dry Niño Negro,REGALOS PERSONALIZADOS,Textil,179.0,447.5,1,True,https://disershop.com.uy/productos/vestimenta/camisetas-dry/drycool/camiseta-dry-kids-negro
697,Camiseta Dry Niño Rojo,Camiseta Dry Niño Rojo,REGALOS PERSONALIZADOS,Textil,179.0,447.5,1,True,https://disershop.com.uy/productos/vestimenta/camisetas-dry/drycool/camiseta-dry-kids-rojo
698,Camiseta Dry Niño Verde Fluo,Camiseta Dry Niño Verde Fluo,REGALOS PERSONALIZADOS,Textil,99.0,247.5,1,True,https://disershop.com.uy/productos/vestimenta/camisetas-dry/drycool/camiseta-dry-niño-verde-fluo
699,Camiseta Dry Rojo,Camiseta Dry Rojo,REGALOS PERSONALIZADOS,Textil,199.0,497.5,1,True,https://disershop.com.uy/productos/vestimenta/camisetas-dry/drycool/camiseta-dry-rojo
700,Camiseta Drycool Amarilla (CI-DRY-07),Camiseta Drycool Amarilla (CI-DRY-07),REGALOS PERSONALIZADOS,Textil,99.0,247.5,1,True,https://disershop.com.uy/productos/vestimenta/camisetas-dry/drycool/camiseta-drycool-amarillo-1
701,Camiseta Drycool Blanca (CI-DRY-01),Camiseta Drycool Blanca (CI-DRY-01),REGALOS PERSONALIZADOS,Textil,99.0,247.5,0,True,https://disershop.com.uy/productos/vestimenta/camisetas-dry/drycool/camiseta-drycool-blanca
702,Camiseta Drycool Celeste (CI-DRY-18),Camiseta Drycool Celeste (CI-DRY-18),REGALOS PERSONALIZADOS,Textil,199.0,497.5,1,True,https://disershop.com.uy/productos/vestimenta/camisetas-dry/drycool/camiseta-drycool-celeste
703,Camiseta Drycool Francia (CI-DRY-11),Camiseta Drycool Francia (CI-DRY-11),REGALOS PERSONALIZADOS,Textil,199.0,497.5,1,True,https://disershop.com.uy/productos/vestimenta/camisetas-dry/drycool/camiseta-drycool-francia
704,Camiseta Drycool Naranja Fluo (CI-DRY-10),Camiseta Drycool Naranja Fluo (CI-DRY-10),REGALOS PERSONALIZADOS,Textil,199.0,497.5,1,True,https://disershop.com.uy/productos/vestimenta/camisetas-dry/drycool/camiseta-drycool-naranja-fluo
705,Camiseta Drycool Roja (CI-DRY-03),Camiseta Drycool Roja (CI-DRY-03),REGALOS PERSONALIZADOS,Textil,99.0,247.5,1,True,https://disershop.com.uy/productos/vestimenta/camisetas-dry/drycool/camiseta-drycool-rojo
706,Camiseta Drycool Verde Fluo (CI-DRY-31),Camiseta Drycool Verde Fluo (CI-DRY-31),REGALOS PERSONALIZADOS,Textil,199.0,497.5,1,True,https://disershop.com.uy/productos/vestimenta/camisetas-dry/drycool/camiseta-drycool-verde-fluo
2127,Camiseta Elite 5044 Azul Marino,Camiseta Elite 5044 Azul Marino,REGALOS PERSONALIZADOS,Textil,,,0,False,https://disershop.com.uy/elite-productos/elite-fit/camisetas-elite/camiseta-elite-5044-azul-marino
2128,Camiseta Elite 5044 Blanco,Camiseta Elite 5044 Blanco,REGALOS PERSONALIZADOS,Textil,,,0,False,https://disershop.com.uy/elite-productos/elite-fit/camisetas-elite/camiseta-elite-5044-blanco
2129,Camiseta Elite 5044 Negro,Camiseta Elite 5044 Negro,REGALOS PERSONALIZADOS,Textil,,,0,False,https://disershop.com.uy/elite-productos/elite-fit/camisetas-elite/camiseta-elite-5044-negro
2130,Camiseta Elite 5241 Azul Marino,Camiseta Elite 5241 Azul Marino,REGALOS PERSONALIZADOS,Textil,,,0,False,https://disershop.com.uy/elite-productos/elite-fit/camisetas-elite/camiseta-elite-5241-azul-marino
2131,Camiseta Elite 5241 Negro,Camiseta Elite 5241 Negro,REGALOS PERSONALIZADOS,Textil,,,0,False,https://disershop.com.uy/elite-productos/elite-fit/camisetas-elite/camiseta-elite-5241-negro
2132,Camiseta Elite 5270 Azul Marino,Camiseta Elite 5270 Azul Marino,REGALOS PERSONALIZADOS,Textil,,,0,False,https://disershop.com.uy/elite-productos/elite-fit/camisetas-elite/camiseta-elite-5270-azul-marino
2133,Camiseta Elite 5270 Blanco,Camiseta Elite 5270 Blanco,REGALOS PERSONALIZADOS,Textil,,,0,False,https://disershop.com.uy/elite-productos/elite-fit/camisetas-elite/camiseta-elite-5270-blanco
2135,Camiseta Elite 5566 Azul Marino,Camiseta Elite 5566 Azul Marino,REGALOS PERSONALIZADOS,Textil,,,0,False,https://disershop.com.uy/elite-productos/elite-fit/camisetas-elite/camiseta-elite-5566-azul-marino
2136,Camiseta Elite 5566 Negro,Camiseta Elite 5566 Negro,REGALOS PERSONALIZADOS,Textil,,,0,False,https://disershop.com.uy/elite-productos/elite-fit/camisetas-elite/camiseta-elite-5566-negro
2137,Camiseta Elite 5566 Violeta,Camiseta Elite 5566 Violeta,REGALOS PERSONALIZADOS,Textil,,,0,False,https://disershop.com.uy/elite-productos/elite-fit/camisetas-elite/camiseta-elite-5566-violeta
2138,Camiseta Elite 5854 Azul Marino,Camiseta Elite 5854 Azul Marino,REGALOS PERSONALIZADOS,Textil,,,0,False,https://disershop.com.uy/elite-productos/elite-fit/camisetas-elite/camiseta-elite-5854-azul-marino
2139,Camiseta Elite 5854 Negro,Camiseta Elite 5854 Negro,REGALOS PERSONALIZADOS,Textil,,,0,False,https://disershop.com.uy/elite-productos/elite-fit/camisetas-elite/camiseta-elite-5854-negro
2141,Camiseta Elite 5985 Negro,Camiseta Elite 5985 Negro,REGALOS PERSONALIZADOS,Textil,,,0,False,https://disershop.com.uy/elite-productos/elite-fit/camisetas-elite/camiseta-elite-5985-negro
2142,Camiseta Elite 5985 Verde Ingles,Camiseta Elite 5985 Verde Ingles,REGALOS PERSONALIZADOS,Textil,,,0,False,https://disershop.com.uy/elite-productos/elite-fit/camisetas-elite/camiseta-elite-5985-verde-ingles
707,Camiseta Fashion Azul Marino (CI-CVC-04),Camiseta Fashion Azul Marino (CI-CVC-04),REGALOS PERSONALIZADOS,Textil,199.0,497.5,1,True,https://disershop.com.uy/productos/vestimenta/camisetas/línea-femenina/camiseta-fashion-azul-marino
708,Camiseta Fashion Blanca (CI-CVC-01),Camiseta Fashion Blanca (CI-CVC-01),REGALOS PERSONALIZADOS,Textil,199.0,497.5,1,True,https://disershop.com.uy/productos/vestimenta/camisetas/línea-femenina/camiseta-fashion-blanco
709,Camiseta Fashion Gris Melange (CI-CVC-05),Camiseta Fashion Gris Melange (CI-CVC-05),REGALOS PERSONALIZADOS,Textil,199.0,497.5,1,True,https://disershop.com.uy/productos/vestimenta/camisetas/línea-femenina/camiseta-fashion-gris-melange
710,Camiseta Fashion Negra (CI-CVC-02),Camiseta Fashion Negra (CI-CVC-02),REGALOS PERSONALIZADOS,Textil,199.0,497.5,1,True,https://disershop.com.uy/productos/vestimenta/camisetas/línea-femenina/camiseta-fashion-negro
711,Camiseta Fashion Roja (CI-CVC-03),Camiseta Fashion Roja (CI-CVC-03),REGALOS PERSONALIZADOS,Textil,199.0,497.5,1,True,https://disershop.com.uy/productos/vestimenta/camisetas/línea-femenina/camiseta-fashion-rojo
712,Camiseta Futbol PRO2 Celeste/Negro,Camiseta Futbol PRO2 Celeste/Negro,REGALOS PERSONALIZADOS,Textil,229.0,572.5,1,True,https://disershop.com.uy/cibermayorista-en-disershop/monitores/camiseta-futbol-pro2-celeste-negro
713,Camiseta Futbol PRO2 Naranja/Negro,Camiseta Futbol PRO2 Naranja/Negro,REGALOS PERSONALIZADOS,Textil,229.0,572.5,1,True,https://disershop.com.uy/cibermayorista-en-disershop/monitores/camiseta-futbol-pro2-naranja-negro
714,Camiseta Futbol PRO2 Verde/Negro,Camiseta Futbol PRO2 Verde/Negro,REGALOS PERSONALIZADOS,Textil,229.0,572.5,1,True,https://disershop.com.uy/cibermayorista-en-disershop/monitores/camiseta-futbol-pro2-verde-negro
715,Camiseta Gris Melange (CI-05),Camiseta Gris Melange (CI-05),REGALOS PERSONALIZADOS,Textil,279.0,697.5,1,True,https://disershop.com.uy/vestimenta/hombre/camisetas/camiseta-gris-melange
717,Camiseta Joaquin Ancla Blanca (CE-115-01),Camiseta Joaquin Ancla Blanca (CE-115-01),REGALOS PERSONALIZADOS,Textil,299.0,747.5,1,True,https://disershop.com.uy/estampados/turismo/camisetas/camiseta-joaquin-ancla-blanca
718,Camiseta Joaquin Ancla Negra (CE-115-02),Camiseta Joaquin Ancla Negra (CE-115-02),REGALOS PERSONALIZADOS,Textil,299.0,747.5,1,True,https://disershop.com.uy/estampados/turismo/camisetas/camiseta-joaquin-ancla-negra
2143,Camiseta MAM negro,Camiseta MAM negro,REGALOS PERSONALIZADOS,Textil,,,0,False,https://disershop.com.uy/estampados/turismo/camisetas/camiseta-mam-negro
2144,Camiseta Manga Larga Elite 5340 Negro,Camiseta Manga Larga Elite 5340 Negro,REGALOS PERSONALIZADOS,Textil,,,0,False,https://disershop.com.uy/elite-productos/elite-fit/camisetas-elite/camiseta-manga-larga-elite-5340-negro
2145,Camiseta Manga Larga Elite 5340 Rosado,Camiseta Manga Larga Elite 5340 Rosado,REGALOS PERSONALIZADOS,Textil,,,0,False,https://disershop.com.uy/elite-productos/elite-fit/camisetas-elite/camiseta-manga-larga-elite-5340-rosado
2146,Camiseta Manga Larga Elite 5340 Violeta,Camiseta Manga Larga Elite 5340 Violeta,REGALOS PERSONALIZADOS,Textil,,,0,False,https://disershop.com.uy/elite-productos/elite-fit/camisetas-elite/camiseta-manga-larga-elite-5340-violeta
2147,Camiseta Manga Larga Elite 5372 Blanco,Camiseta Manga Larga Elite 5372 Blanco,REGALOS PERSONALIZADOS,Textil,,,0,False,https://disershop.com.uy/elite-productos/elite-fit/camisetas-elite/camiseta-manga-larga-elite-5372-blanco
2148,Camiseta Manga Larga Elite 5372 Negro,Camiseta Manga Larga Elite 5372 Negro,REGALOS PERSONALIZADOS,Textil,,,0,False,https://disershop.com.uy/elite-productos/elite-fit/camisetas-elite/camiseta-manga-larga-elite-5372-negro
719,Camiseta Mapa Nuevo Blanca (CE-123-01),Camiseta Mapa Nuevo Blanca (CE-123-01),REGALOS PERSONALIZADOS,Textil,299.0,747.5,0,True,https://disershop.com.uy/estampados/turismo/camisetas/camiseta-mapa-nuevo-blanca
720,Camiseta Mapa Nuevo Negra (CE-123-02),Camiseta Mapa Nuevo Negra (CE-123-02),REGALOS PERSONALIZADOS,Textil,299.0,747.5,1,True,https://disershop.com.uy/estampados/turismo/camisetas/camiseta-mapa-nuevo-negra
2150,Camiseta Monstas Corta,Camiseta Monstas Corta,REGALOS PERSONALIZADOS,Textil,,,0,False,https://disershop.com.uy/index.php?route=product/product&product_id=20404
2151,Camiseta Monstas Manga Larga,Camiseta Monstas Manga Larga,REGALOS PERSONALIZADOS,Textil,,,0,False,https://disershop.com.uy/index.php?route=product/product&product_id=20403
723,Camiseta Naranja (CI-10),Camiseta Naranja (CI-10),REGALOS PERSONALIZADOS,Textil,279.0,697.5,1,True,https://disershop.com.uy/vestimenta/hombre/camisetas/camiseta-naranja
724,Camiseta Negra (CI-02),Camiseta Negra (CI-02),REGALOS PERSONALIZADOS,Textil,279.0,697.5,1,True,https://disershop.com.uy/vestimenta/hombre/camisetas/camiseta-negra
725,Camiseta Negra 100% algodón x10,Camiseta Negra 100% algodón x10,REGALOS PERSONALIZADOS,Textil,1990.0,4975.0,1,True,https://disershop.com.uy/camisetas/camiseta-negra-x10
2153,Camiseta Niu00f1o Celeste,Camiseta Niño Celeste,REGALOS PERSONALIZADOS,Textil,,,0,False,https://disershop.com.uy/camiseta-niu00f1o-celeste
2154,Camiseta Niu00f1o I love Dulce blanco,Camiseta Niño I love Dulce blanco,REGALOS PERSONALIZADOS,Textil,,,0,False,https://disershop.com.uy/index.php?route=product/product&product_id=20522
2155,Camiseta Niu00f1o Rosado,Camiseta Niño Rosado,REGALOS PERSONALIZADOS,Textil,,,0,False,https://disershop.com.uy/camiseta-niu00f1o-rosado
726,Camiseta Niño Amarilla (CI-N07),Camiseta Niño Amarilla (CI-N07),REGALOS PERSONALIZADOS,Textil,199.0,497.5,1,True,https://disershop.com.uy/productos/vestimenta/camisetas/línea-infantil/camiseta-niño-amarilla
727,Camiseta Niño Azul Marino (CI-N04),Camiseta Niño Azul Marino (CI-N04),REGALOS PERSONALIZADOS,Textil,199.0,497.5,1,True,https://disershop.com.uy/productos/vestimenta/camisetas/línea-infantil/camiseta-niño-azul-marino
728,Camiseta Niño Benetton (CI-N13),Camiseta Niño Benetton (CI-N13),REGALOS PERSONALIZADOS,Textil,199.0,497.5,1,True,https://disershop.com.uy/productos/vestimenta/camisetas/línea-infantil/camiseta-niño-benetton
729,Camiseta Niño Blanca (CI-N01),Camiseta Niño Blanca (CI-N01),REGALOS PERSONALIZADOS,Textil,199.0,497.5,1,True,https://disershop.com.uy/productos/vestimenta/camisetas/línea-infantil/camiseta-niño-blanca-1
730,Camiseta Niño Francia (CI-N11),Camiseta Niño Francia (CI-N11),REGALOS PERSONALIZADOS,Textil,199.0,497.5,1,True,https://disershop.com.uy/productos/vestimenta/camisetas/línea-infantil/camiseta-niño-francia
731,Camiseta Niño Gris Melange (CI-N05),Camiseta Niño Gris Melange (CI-N05),REGALOS PERSONALIZADOS,Textil,199.0,497.5,1,True,https://disershop.com.uy/productos/vestimenta/camisetas/línea-infantil/camiseta-niño-gris-melange
732,Camiseta Niño Naranja (CI-N10),Camiseta Niño Naranja (CI-N10),REGALOS PERSONALIZADOS,Textil,199.0,497.5,1,True,https://disershop.com.uy/productos/vestimenta/camisetas/línea-infantil/camiseta-niño-naranja
733,Camiseta Niño Negra (CI-N02),Camiseta Niño Negra (CI-N02),REGALOS PERSONALIZADOS,Textil,199.0,497.5,1,True,https://disershop.com.uy/productos/vestimenta/camisetas/línea-infantil/camiseta-niño-negra
734,Camiseta Niño Roja (CI-N03),Camiseta Niño Roja (CI-N03),REGALOS PERSONALIZADOS,Textil,199.0,497.5,1,True,https://disershop.com.uy/productos/vestimenta/camisetas/línea-infantil/camiseta-niño-rojo
735,Camiseta Niño Subliprint Manga Larga Blanca,Camiseta Niño Subliprint Manga Larga Blanca,REGALOS PERSONALIZADOS,Textil,139.0,347.5,1,True,https://disershop.com.uy/emprendedores/sublimables/textiles/camiseta-niño-subliprint-manga-larga-blanco
736,Camiseta Niño Subliprint blanco/azul,Camiseta Niño Subliprint blanco/azul,REGALOS PERSONALIZADOS,Textil,129.0,322.5,1,True,https://disershop.com.uy/productos/sublimación/textiles/niños/camiseta-niño-subliprint-blanco-azul
737,Camiseta Niño Subliprint blanco/benetton,Camiseta Niño Subliprint blanco/benetton,REGALOS PERSONALIZADOS,Textil,129.0,322.5,1,True,https://disershop.com.uy/productos/sublimación/textiles/niños/camiseta-niño-subliprint-blanco-benetton
738,Camiseta Niño Subliprint blanco/naranja,Camiseta Niño Subliprint blanco/naranja,REGALOS PERSONALIZADOS,Textil,129.0,322.5,1,True,https://disershop.com.uy/productos/sublimación/textiles/niños/camiseta-niño-subliprint-blanco-naranja
739,Camiseta Niño Subliprint blanco/rojo,Camiseta Niño Subliprint blanco/rojo,REGALOS PERSONALIZADOS,Textil,129.0,322.5,1,True,https://disershop.com.uy/productos/sublimación/textiles/niños/camiseta-niño-subliprint-blanco-rojo
740,Camiseta Niño Verde (CI-N08),Camiseta Niño Verde (CI-N08),REGALOS PERSONALIZADOS,Textil,199.0,497.5,1,True,https://disershop.com.uy/productos/vestimenta/camisetas/línea-infantil/camiseta-niño-verde
741,Camiseta Niño manga larga c/puño Blanca,Camiseta Niño manga larga c/puño Blanca,REGALOS PERSONALIZADOS,Textil,279.0,697.5,1,True,https://disershop.com.uy/productos/vestimenta/camisetas/línea-infantil/camiseta-niño-manga-larga-con-puño-blanco
742,Camiseta Niño manga larga c/puño Negra,Camiseta Niño manga larga c/puño Negra,REGALOS PERSONALIZADOS,Textil,279.0,697.5,1,True,https://disershop.com.uy/productos/vestimenta/camisetas/línea-infantil/camiseta-niño-manga-larga-con-puño-negro
743,Camiseta Niño manga larga con puño Azul marino,Camiseta Niño manga larga con puño Azul marino,REGALOS PERSONALIZADOS,Textil,279.0,697.5,1,True,https://disershop.com.uy/productos/vestimenta/camisetas/línea-infantil/camiseta-niño-manga-larga-con-puño-azul-marino
744,Camiseta Niño manga larga con puño Gris melange,Camiseta Niño manga larga con puño Gris melange,REGALOS PERSONALIZADOS,Textil,279.0,697.5,1,True,https://disershop.com.uy/productos/vestimenta/camisetas/línea-infantil/camiseta-niño-manga-larga-con-puño-gris-melange-1
745,Camiseta Oversize Beige,Camiseta Oversize Beige,REGALOS PERSONALIZADOS,Textil,469.0,1172.5,1,True,https://disershop.com.uy/vestimenta/hombre/camisetas/camiseta-oversize-beige
746,Camiseta Oversize Blanco,Camiseta Oversize Blanco,REGALOS PERSONALIZADOS,Textil,469.0,1172.5,1,True,https://disershop.com.uy/vestimenta/hombre/camisetas/camiseta-oversize-blanco
747,Camiseta Oversize Negro,Camiseta Oversize Negro,REGALOS PERSONALIZADOS,Textil,469.0,1172.5,1,True,https://disershop.com.uy/vestimenta/hombre/camisetas/camiseta-oversize-negro
2156,Camiseta Perfect Siluet Amarillo Fluo (CI-DRYPERSI-35),Camiseta Perfect Siluet Amarillo Fluo (CI-DRYPERSI-35),REGALOS PERSONALIZADOS,Textil,,,0,False,https://disershop.com.uy/productos/vestimenta/camisetas/línea-femenina/camiseta-perfect-siluet-amarillo-fluo-1
2157,Camiseta Perfect Siluet Naranja fluo,Camiseta Perfect Siluet Naranja fluo,REGALOS PERSONALIZADOS,Textil,,,0,False,https://disershop.com.uy/productos/vestimenta/camisetas/línea-femenina/camiseta-perfect-siluet-naranja-fluo
748,Camiseta Pocket Blanco (CI-POCK-01),Camiseta Pocket Blanco (CI-POCK-01),REGALOS PERSONALIZADOS,Textil,279.0,697.5,1,True,https://disershop.com.uy/productos/vestimenta/camisetas/camiseta-pocket-blanco
2158,Camiseta Primera Piel Blanco,Camiseta Primera Piel Blanco,REGALOS PERSONALIZADOS,Textil,,,0,False,https://disershop.com.uy/vestimenta/ropa-de-trabajo/camiseta-primera-piel-blanco-1
749,Camiseta Primera Piel Negro,Camiseta Primera Piel Negro,REGALOS PERSONALIZADOS,Textil,199.0,497.5,1,True,https://disershop.com.uy/vestimenta/ropa-de-trabajo/camiseta-primera-piel-negro
750,Camiseta Roja (CI-03),Camiseta Roja (CI-03),REGALOS PERSONALIZADOS,Textil,279.0,697.5,1,True,https://disershop.com.uy/vestimenta/hombre/camisetas/camiseta-roja
751,Camiseta Rosada,Camiseta Rosada,REGALOS PERSONALIZADOS,Textil,279.0,697.5,1,True,https://disershop.com.uy/vestimenta/hombre/camisetas/camiseta-rosada
2161,Camiseta Running Elite 5294 Naranja,Camiseta Running Elite 5294 Naranja,REGALOS PERSONALIZADOS,Textil,,,0,False,https://disershop.com.uy/elite-productos/elite-fit/camisetas-elite/camiseta-running-elite-5294-naranja
2162,Camiseta Running Elite 5294 Negro,Camiseta Running Elite 5294 Negro,REGALOS PERSONALIZADOS,Textil,,,0,False,https://disershop.com.uy/elite-productos/elite-fit/camisetas-elite/camiseta-running-elite-5294-negro
2163,Camiseta SW AW azul jaspeado,Camiseta SW AW azul jaspeado,REGALOS PERSONALIZADOS,Textil,,,0,False,https://disershop.com.uy/vestimenta/hombre/camisetas/camiseta-sw-aw-azul-jaspeado
2164,Camiseta SW AW musgo jaspeado,Camiseta SW AW musgo jaspeado,REGALOS PERSONALIZADOS,Textil,,,0,False,https://disershop.com.uy/productos/vestimenta/camisetas-dry/camiseta-sw-aw-musgo-jaspeado
2165,Camiseta SW AW negro jaspeado,Camiseta SW AW negro jaspeado,REGALOS PERSONALIZADOS,Textil,,,0,False,https://disershop.com.uy/vestimenta/hombre/camisetas/camiseta-sw-aw-negro-jaspeado
2166,Camiseta SW Active Wear gris jaspeado,Camiseta SW Active Wear gris jaspeado,REGALOS PERSONALIZADOS,Textil,,,0,False,https://disershop.com.uy/vestimenta/hombre/camisetas/camiseta-sw-active-wear-gris-jaspeado-1
755,Camiseta Salvo Negro (CE-SAL-02),Camiseta Salvo Negro (CE-SAL-02),REGALOS PERSONALIZADOS,Textil,299.0,747.5,0,True,https://disershop.com.uy/estampados/turismo/camisetas/camiseta-salvo-negro
756,Camiseta Slim Azul (CI-CVCV-04),Camiseta Slim Azul (CI-CVCV-04),REGALOS PERSONALIZADOS,Textil,259.0,647.5,1,True,https://disershop.com.uy/vestimenta/hombre/camisetas/camiseta-slim-azul
757,Camiseta Slim Blanca (CI-CVCV-01),Camiseta Slim Blanca (CI-CVCV-01),REGALOS PERSONALIZADOS,Textil,259.0,647.5,1,True,https://disershop.com.uy/vestimenta/hombre/camisetas/camiseta-slim-blanca
2167,Camiseta Slim Dark Uva (CI-CVCV-40),Camiseta Slim Dark Uva (CI-CVCV-40),REGALOS PERSONALIZADOS,Textil,,,0,False,https://disershop.com.uy/vestimenta/hombre/camisetas/camiseta-slim-dark-uva
758,Camiseta Slim Negro Melange (CI-CVCV-32),Camiseta Slim Negro Melange (CI-CVCV-32),REGALOS PERSONALIZADOS,Textil,259.0,647.5,1,True,https://disershop.com.uy/vestimenta/hombre/camisetas/camiseta-slim-negro-melange
2168,Camiseta Slim TC Azul Petroleo,Camiseta Slim TC Azul Petroleo,REGALOS PERSONALIZADOS,Textil,,,0,False,https://disershop.com.uy/productos/vestimenta/camisetas/camiseta-slim-tc-azul-petroleo
760,Camiseta Slim TC Negra,Camiseta Slim TC Negra,REGALOS PERSONALIZADOS,Textil,279.0,697.5,1,True,https://disershop.com.uy/productos/vestimenta/camisetas/camiseta-slim-tc-negra
761,Camiseta Sol Uy Azul,Camiseta Sol Uy Azul,REGALOS PERSONALIZADOS,Textil,399.0,997.5,1,True,https://disershop.com.uy/vestimenta/deporte/vestimenta-futbol/uruguay-todo/camiseta-sol-uy-azul
762,Camiseta Sol Uy Blanco,Camiseta Sol Uy Blanco,REGALOS PERSONALIZADOS,Textil,399.0,997.5,1,True,https://disershop.com.uy/vestimenta/deporte/vestimenta-futbol/uruguay-todo/camiseta-sol-uy-blanco
763,Camiseta Sol Uy Junior Celeste,Camiseta Sol Uy Junior Celeste,REGALOS PERSONALIZADOS,Textil,339.0,847.5,1,True,https://disershop.com.uy/vestimenta/deporte/vestimenta-futbol/uruguay-todo/camiseta-sol-uy-jr-celeste
764,Camiseta Sol Uy Junior Negro,Camiseta Sol Uy Junior Negro,REGALOS PERSONALIZADOS,Textil,339.0,847.5,0,True,https://disershop.com.uy/vestimenta/deporte/vestimenta-futbol/uruguay-todo/camiseta-sol-uy-jr-negro
765,Camiseta Sol Uy Negro,Camiseta Sol Uy Negro,REGALOS PERSONALIZADOS,Textil,399.0,997.5,1,True,https://disershop.com.uy/vestimenta/deporte/vestimenta-futbol/uruguay-todo/camiseta-sol-uy-negro
766,Camiseta Subliprint Bco/Neg (CI-SUPT-0102),Camiseta Subliprint Bco/Neg (CI-SUPT-0102),REGALOS PERSONALIZADOS,Textil,99.0,247.5,1,True,https://disershop.com.uy/productos/sublimación/textiles/hombres/camiseta-subliprint-bco-neg
767,Camiseta Subliprint Blanco (CI-SUPT-01),Camiseta Subliprint Blanco (CI-SUPT-01),REGALOS PERSONALIZADOS,Textil,159.0,397.5,1,True,https://disershop.com.uy/productos/sublimación/textiles/hombres/camiseta-subliprint-blanco
768,Camiseta Subliprint Blanco / Francia (CI-SUPT-0111),Camiseta Subliprint Blanco / Francia (CI-SUPT-0111),REGALOS PERSONALIZADOS,Textil,99.0,247.5,1,True,https://disershop.com.uy/productos/sublimación/textiles/hombres/camiseta-subliprint-bco-fcia-1
769,Camiseta Subliprint Manga Larga Blanco,Camiseta Subliprint Manga Larga Blanco,REGALOS PERSONALIZADOS,Textil,189.0,472.5,1,True,https://disershop.com.uy/emprendedores/sublimables/textiles/camiseta-subliprint-manga-larga-blanco-1
770,Camiseta Subliprint Manga Larga blanco/azul,Camiseta Subliprint Manga Larga blanco/azul,REGALOS PERSONALIZADOS,Textil,129.0,322.5,1,True,https://disershop.com.uy/emprendedores/sublimables/textiles/camiseta-subliprint-manga-larga-blanco-azul
771,Camiseta Subliprint Manga Larga blanco/negro,Camiseta Subliprint Manga Larga blanco/negro,REGALOS PERSONALIZADOS,Textil,129.0,322.5,1,True,https://disershop.com.uy/emprendedores/sublimables/textiles/camiseta-subliprint-manga-larga-blanco-negro
772,Camiseta Subliprint Manga Larga gris melange/bordeaux,Camiseta Subliprint Manga Larga gris melange/bordeaux,REGALOS PERSONALIZADOS,Textil,129.0,322.5,1,True,https://disershop.com.uy/emprendedores/sublimables/textiles/camiseta-subliprint-manga-larga-gris-melange-bordeaux
773,Camiseta Subliprint Manga Larga gris melange/negro,Camiseta Subliprint Manga Larga gris melange/negro,REGALOS PERSONALIZADOS,Textil,129.0,322.5,0,True,https://disershop.com.uy/emprendedores/sublimables/textiles/camiseta-subliprint-manga-larga-gris-melange-negro
774,Camiseta Subliprint blanco/celeste,Camiseta Subliprint blanco/celeste,REGALOS PERSONALIZADOS,Textil,99.0,247.5,1,True,https://disershop.com.uy/emprendedores/sublimables/textiles/camiseta-subliprint-blanco-celeste
775,Camiseta Subliprint blanco/naranja,Camiseta Subliprint blanco/naranja,REGALOS PERSONALIZADOS,Textil,99.0,247.5,1,True,https://disershop.com.uy/emprendedores/sublimables/textiles/camiseta-subliprint-blanco-naranja
776,Camiseta Subliprint blanco/rojo,Camiseta Subliprint blanco/rojo,REGALOS PERSONALIZADOS,Textil,99.0,247.5,1,True,https://disershop.com.uy/emprendedores/sublimables/textiles/camiseta-subliprint-blanco-rojo
777,Camiseta Subliprint blanco/verde benetton,Camiseta Subliprint blanco/verde benetton,REGALOS PERSONALIZADOS,Textil,99.0,247.5,1,True,https://disershop.com.uy/emprendedores/sublimables/textiles/camiseta-subliprint-blanco-verde-benetton
778,Camiseta Subliprint gris melange,Camiseta Subliprint gris melange,REGALOS PERSONALIZADOS,Textil,99.0,247.5,1,True,https://disershop.com.uy/emprendedores/sublimables/textiles/camiseta-subliprint-gris-melange
779,Camiseta Subliprint gris melange/negro,Camiseta Subliprint gris melange/negro,REGALOS PERSONALIZADOS,Textil,99.0,247.5,1,True,https://disershop.com.uy/emprendedores/sublimables/textiles/camiseta-subliprint-gris-melange-negro
780,Camiseta Subliprint gris melange/rojo,Camiseta Subliprint gris melange/rojo,REGALOS PERSONALIZADOS,Textil,99.0,247.5,1,True,https://disershop.com.uy/emprendedores/sublimables/textiles/camiseta-subliprint-gris-melange-rojo-1
781,Camiseta Top Dama Verano Blanco,Camiseta Top Dama Verano Blanco,REGALOS PERSONALIZADOS,Textil,149.0,372.5,1,True,https://disershop.com.uy/vestimenta/mujer/tops-y-musculosas/camiseta-dama-verano-blanco-1
782,Camiseta Top Dama Verano Celeste,Camiseta Top Dama Verano Celeste,REGALOS PERSONALIZADOS,Textil,149.0,372.5,1,True,https://disershop.com.uy/vestimenta/mujer/tops-y-musculosas/camiseta-dama-verano-celeste
783,Camiseta Top Dama Verano Gris Melange,Camiseta Top Dama Verano Gris Melange,REGALOS PERSONALIZADOS,Textil,149.0,372.5,1,True,https://disershop.com.uy/vestimenta/mujer/tops-y-musculosas/camiseta-dama-verano-gris-melange
784,Camiseta Top Dama Verano Negro,Camiseta Top Dama Verano Negro,REGALOS PERSONALIZADOS,Textil,149.0,372.5,1,True,https://disershop.com.uy/vestimenta/mujer/tops-y-musculosas/camiseta-dama-verano-negro
786,Camiseta UV Manga Larga Negro,Camiseta UV Manga Larga Negro,REGALOS PERSONALIZADOS,Textil,399.0,997.5,1,True,https://disershop.com.uy/vestimenta/hombre/camisetas/camiseta-uv-manga-larga-negro
787,Camiseta UV Niño Manga Larga Azul Francia,Camiseta UV Niño Manga Larga Azul Francia,REGALOS PERSONALIZADOS,Textil,349.0,872.5,1,True,https://disershop.com.uy/vestimenta/niño/camisetas/camiseta-uv-nino-manga-larga-azul-francia
788,Camiseta UV Niño Manga Larga Fucsia,Camiseta UV Niño Manga Larga Fucsia,REGALOS PERSONALIZADOS,Textil,349.0,872.5,1,True,https://disershop.com.uy/vestimenta/niño/camisetas/camiseta-uv-nino-manga-larga-fucsia
795,Camiseta Verde (CI-08),Camiseta Verde (CI-08),REGALOS PERSONALIZADOS,Textil,279.0,697.5,1,True,https://disershop.com.uy/vestimenta/hombre/camisetas/camiseta-verde
796,Camiseta Verde Manzana (CI-20),Camiseta Verde Manzana (CI-20),REGALOS PERSONALIZADOS,Textil,279.0,697.5,1,True,https://disershop.com.uy/productos/vestimenta/camisetas/camiseta-verde-manzana
797,Camiseta Violeta,Camiseta Violeta,REGALOS PERSONALIZADOS,Textil,279.0,697.5,1,True,https://disershop.com.uy/vestimenta/hombre/camisetas/camiseta-violeta
798,Camiseta algodon premium azul piedra,Camiseta algodon premium azul piedra,REGALOS PERSONALIZADOS,Textil,449.0,1122.5,1,True,https://disershop.com.uy/equipaje-y-accesorios-de-viaje/camiseta-algodon-premium-azul-piedra
799,Camiseta algodon premium beige,Camiseta algodon premium beige,REGALOS PERSONALIZADOS,Textil,449.0,1122.5,1,True,https://disershop.com.uy/equipaje-y-accesorios-de-viaje/camiseta-algodon-premium-beige
800,Camiseta algodon premium marron,Camiseta algodon premium marron,REGALOS PERSONALIZADOS,Textil,199.0,497.5,0,True,https://disershop.com.uy/outlet-disershop/camiseta-algodon-premium-marron
2174,Camiseta america francia,Camiseta america francia,REGALOS PERSONALIZADOS,Textil,,,0,False,https://disershop.com.uy/index.php?route=product/product&product_id=20441
2175,Camiseta america verde musgo,Camiseta america verde musgo,REGALOS PERSONALIZADOS,Textil,,,0,False,https://disershop.com.uy/index.php?route=product/product&product_id=20435
801,Camiseta con puño ML Algodón Gris Melange,Camiseta con puño ML Algodón Gris Melange,REGALOS PERSONALIZADOS,Textil,399.0,997.5,1,True,https://disershop.com.uy/vestimenta/hombre/camisetas/camiseta-c-puno-ml-algodon-gris-melange
2176,Camiseta con puño Manga Larga AE Azul Marino,Camiseta con puño Manga Larga AE Azul Marino,REGALOS PERSONALIZADOS,Textil,,,0,False,https://disershop.com.uy/productos/vestimenta/camisetas/camiseta-c-puu00f1o-ml-ae-azul-marino
2177,Camiseta cruz azul,Camiseta cruz azul,REGALOS PERSONALIZADOS,Textil,,,0,False,https://disershop.com.uy/index.php?route=product/product&product_id=20432
2178,Camiseta cruz blanco,Camiseta cruz blanco,REGALOS PERSONALIZADOS,Textil,,,0,False,https://disershop.com.uy/index.php?route=product/product&product_id=20434
2179,Camiseta cruz negro,Camiseta cruz negro,REGALOS PERSONALIZADOS,Textil,,,0,False,https://disershop.com.uy/index.php?route=product/product&product_id=20433
2185,Camiseta d apl love mvd blanca,Camiseta d apl love mvd blanca,REGALOS PERSONALIZADOS,Textil,,,0,False,https://disershop.com.uy/index.php?route=product/product&product_id=20461
2186,Camiseta d apl love punta blanca,Camiseta d apl love punta blanca,REGALOS PERSONALIZADOS,Textil,,,0,False,https://disershop.com.uy/index.php?route=product/product&product_id=20465
2191,Camiseta dama DryCool Amarillo Fluor,Camiseta dama DryCool Amarillo Fluor,REGALOS PERSONALIZADOS,Textil,,,0,False,https://disershop.com.uy/productos/vestimenta/camisetas-dry/camiseta-dama-drycool-amarillo-fluor
2192,Camiseta dama DryCool Blanco,Camiseta dama DryCool Blanco,REGALOS PERSONALIZADOS,Textil,,,0,False,https://disershop.com.uy/productos/vestimenta/camisetas/línea-femenina/camiseta-dama-drycool-blanco
802,Camiseta dama DryCool II Amarilla Fluo,Camiseta dama DryCool II Amarilla Fluo,REGALOS PERSONALIZADOS,Textil,99.0,247.5,1,True,https://disershop.com.uy/productos/vestimenta/camisetas/línea-femenina/camiseta-dama-drycool-ii-amarillo-fluo
803,Camiseta dama DryCool II Blanca,Camiseta dama DryCool II Blanca,REGALOS PERSONALIZADOS,Textil,199.0,497.5,1,True,https://disershop.com.uy/productos/vestimenta/camisetas/línea-femenina/camiseta-dama-drycool-ii-blanco
804,Camiseta dama DryCool II Fucsia,Camiseta dama DryCool II Fucsia,REGALOS PERSONALIZADOS,Textil,99.0,247.5,1,True,https://disershop.com.uy/productos/vestimenta/camisetas/línea-femenina/camiseta-dama-drycool-ii-fucsia
805,Camiseta dama DryCool II Negra,Camiseta dama DryCool II Negra,REGALOS PERSONALIZADOS,Textil,199.0,497.5,1,True,https://disershop.com.uy/productos/vestimenta/camisetas/línea-femenina/camiseta-dama-drycool-ii-negro
806,Camiseta dama DryCool II Verde Fluo,Camiseta dama DryCool II Verde Fluo,REGALOS PERSONALIZADOS,Textil,99.0,247.5,1,True,https://disershop.com.uy/productos/vestimenta/camisetas/línea-femenina/camiseta-dama-drycool-ii-verde-fluo
2193,Camiseta dama DryCool Negro,Camiseta dama DryCool Negro,REGALOS PERSONALIZADOS,Textil,,,0,False,https://disershop.com.uy/productos/vestimenta/camisetas/línea-femenina/camiseta-dama-drycool-negro
2196,Camiseta dama SW AW II negro jaspeado,Camiseta dama SW AW II negro jaspeado,REGALOS PERSONALIZADOS,Textil,,,0,False,https://disershop.com.uy/productos/vestimenta/camisetas-dry/camiseta-dama-sw-aw-ii-negro-jaspeado
2197,Camiseta dama SW AW coral jaspeado,Camiseta dama SW AW coral jaspeado,REGALOS PERSONALIZADOS,Textil,,,0,False,https://disershop.com.uy/productos/vestimenta/camisetas/línea-femenina/camiseta-dama-sw-aw-coral-jaspeado
2198,Camiseta dama SW AW negro jaspeado,Camiseta dama SW AW negro jaspeado,REGALOS PERSONALIZADOS,Textil,,,0,False,https://disershop.com.uy/productos/vestimenta/camisetas/línea-femenina/camiseta-dama-sw-aw-negro-jaspeado
2199,Camiseta dama SW AW verde jaspeado,Camiseta dama SW AW verde jaspeado,REGALOS PERSONALIZADOS,Textil,,,0,False,https://disershop.com.uy/productos/vestimenta/camisetas/línea-femenina/camiseta-dama-sw-aw-verde-jaspeado-1
2200,Camiseta dama SW Urban U manga larga negro,Camiseta dama SW Urban U manga larga negro,REGALOS PERSONALIZADOS,Textil,,,0,False,https://disershop.com.uy/productos/vestimenta/camisetas/línea-femenina/camiseta-dama-sw-urban-u-manga-larga-negro
807,Camiseta dama Subliprint II Blanca,Camiseta dama Subliprint II Blanca,REGALOS PERSONALIZADOS,Textil,159.0,397.5,1,True,https://disershop.com.uy/emprendedores/sublimables/textiles/camiseta-dama-subliprint-ii-blanco
808,Camiseta dama Subliprint II Rosado Claro,Camiseta dama Subliprint II Rosado Claro,REGALOS PERSONALIZADOS,Textil,69.0,172.5,0,True,https://disershop.com.uy/emprendedores/sublimables/textiles/camiseta-dama-subliprint-ii-rosado-claro
2203,Camiseta dama escote v monstas,Camiseta dama escote v monstas,REGALOS PERSONALIZADOS,Textil,,,0,False,https://disershop.com.uy/index.php?route=product/product&product_id=20483
809,Camiseta dama rib blanco,Camiseta dama rib blanco,REGALOS PERSONALIZADOS,Textil,279.0,697.5,1,True,https://disershop.com.uy/productos/vestimenta/camisetas/camiseta-dama-rib-blanco
811,Camiseta dama rib terracota,Camiseta dama rib terracota,REGALOS PERSONALIZADOS,Textil,149.0,372.5,1,True,https://disershop.com.uy/productos/vestimenta/camisetas/camiseta-dama-rib-terracota
812,Camiseta de Futbol PRO Niño azul/blanco,Camiseta de Futbol PRO Niño azul/blanco,REGALOS PERSONALIZADOS,Textil,199.0,497.5,1,True,https://disershop.com.uy/vestimenta/deporte/vestimenta-futbol/camisetas/camiseta-de-futbol-pro-niño-azul-blanco
813,Camiseta de Futbol PRO Niño blanco/negro,Camiseta de Futbol PRO Niño blanco/negro,REGALOS PERSONALIZADOS,Textil,199.0,497.5,1,True,https://disershop.com.uy/vestimenta/deporte/vestimenta-futbol/camisetas/camiseta-de-futbol-pro-niño-blanco-negro
814,Camiseta de Futbol PRO Niño negro/blanco,Camiseta de Futbol PRO Niño negro/blanco,REGALOS PERSONALIZADOS,Textil,199.0,497.5,1,True,https://disershop.com.uy/vestimenta/deporte/vestimenta-futbol/camisetas/camiseta-de-futbol-pro-niño-negro-blanco
815,Camiseta de Futbol PRO Niño rojo/blanco,Camiseta de Futbol PRO Niño rojo/blanco,REGALOS PERSONALIZADOS,Textil,199.0,497.5,1,True,https://disershop.com.uy/vestimenta/deporte/vestimenta-futbol/camisetas/camiseta-de-futbol-pro-niño-rojo-blanco
816,Camiseta de Futbol PRO azul/blanco,Camiseta de Futbol PRO azul/blanco,REGALOS PERSONALIZADOS,Textil,259.0,647.5,1,True,https://disershop.com.uy/vestimenta/deporte/futbol-pro/camiseta-de-futbol-pro-azul-blanco
817,Camiseta de Futbol PRO blanco/negro,Camiseta de Futbol PRO blanco/negro,REGALOS PERSONALIZADOS,Textil,259.0,647.5,1,True,https://disershop.com.uy/vestimenta/deporte/futbol-pro/camiseta-de-futbol-pro-blanco-negro
818,Camiseta de Futbol PRO negro/blanco,Camiseta de Futbol PRO negro/blanco,REGALOS PERSONALIZADOS,Textil,259.0,647.5,1,True,https://disershop.com.uy/vestimenta/deporte/futbol-pro/camiseta-de-futbol-pro-negro-blanco
819,Camiseta de Futbol PRO rojo/blanco,Camiseta de Futbol PRO rojo/blanco,REGALOS PERSONALIZADOS,Textil,259.0,647.5,1,True,https://disershop.com.uy/vestimenta/deporte/futbol-pro/camiseta-de-futbol-pro-rojo-blanco
2204,Camiseta degrade punta negra,Camiseta degrade punta negra,REGALOS PERSONALIZADOS,Textil,,,0,False,https://disershop.com.uy/index.php?route=product/product&product_id=21710
820,Camiseta dry niño naranja fluo,Camiseta dry niño naranja fluo,REGALOS PERSONALIZADOS,Textil,179.0,447.5,1,True,https://disershop.com.uy/productos/vestimenta/camisetas-dry/drycool/camiseta-dry-niño-naranja-fluo
2205,Camiseta drycool 2c azul,Camiseta drycool 2c azul,REGALOS PERSONALIZADOS,Textil,,,0,False,https://disershop.com.uy/index.php?route=product/product&product_id=20406
2206,Camiseta drycool cel/negro,Camiseta drycool cel/negro,REGALOS PERSONALIZADOS,Textil,,,0,False,https://disershop.com.uy/index.php?route=product/product&product_id=20476
2207,Camiseta entrevero azul,Camiseta entrevero azul,REGALOS PERSONALIZADOS,Textil,,,0,False,https://disershop.com.uy/index.php?route=product/product&product_id=20421
2208,Camiseta entrevero negra,Camiseta entrevero negra,REGALOS PERSONALIZADOS,Textil,,,0,False,https://disershop.com.uy/index.php?route=product/product&product_id=20420
2209,Camiseta est manga larga azul disco,Camiseta est manga larga azul disco,REGALOS PERSONALIZADOS,Textil,,,0,False,https://disershop.com.uy/index.php?route=product/product&product_id=20405
2210,Camiseta est manga larga blanca disco,Camiseta est manga larga blanca disco,REGALOS PERSONALIZADOS,Textil,,,0,False,https://disershop.com.uy/index.php?route=product/product&product_id=20401
2211,Camiseta est manga larga negra disco,Camiseta est manga larga negra disco,REGALOS PERSONALIZADOS,Textil,,,0,False,https://disershop.com.uy/index.php?route=product/product&product_id=20402
2212,Camiseta estampada adventure,Camiseta estampada adventure,REGALOS PERSONALIZADOS,Textil,,,0,False,https://disershop.com.uy/index.php?route=product/product&product_id=20409
2213,Camiseta estampada blah blah,Camiseta estampada blah blah,REGALOS PERSONALIZADOS,Textil,,,0,False,https://disershop.com.uy/index.php?route=product/product&product_id=20410
2214,Camiseta estampada fight,Camiseta estampada fight,REGALOS PERSONALIZADOS,Textil,,,0,False,https://disershop.com.uy/index.php?route=product/product&product_id=20456
2215,Camiseta estampada lets,Camiseta estampada lets,REGALOS PERSONALIZADOS,Textil,,,0,False,https://disershop.com.uy/index.php?route=product/product&product_id=20411
2216,Camiseta estampada snow roja,Camiseta estampada snow roja,REGALOS PERSONALIZADOS,Textil,,,0,False,https://disershop.com.uy/index.php?route=product/product&product_id=20412
2217,Camiseta estampada surf blanca,Camiseta estampada surf blanca,REGALOS PERSONALIZADOS,Textil,,,0,False,https://disershop.com.uy/index.php?route=product/product&product_id=20413
2218,Camiseta estampada tubs,Camiseta estampada tubs,REGALOS PERSONALIZADOS,Textil,,,0,False,https://disershop.com.uy/index.php?route=product/product&product_id=20414
2219,Camiseta mapa nuevo benetton,Camiseta mapa nuevo benetton,REGALOS PERSONALIZADOS,Textil,,,0,False,https://disershop.com.uy/estampados/turismo/camisetas/camiseta-mapa-nuevo-benetton
2220,Camiseta melmak cuello v blanca,Camiseta melmak cuello v blanca,REGALOS PERSONALIZADOS,Textil,,,0,False,https://disershop.com.uy/index.php?route=product/product&product_id=20481
2221,Camiseta melmak cuello v negra,Camiseta melmak cuello v negra,REGALOS PERSONALIZADOS,Textil,,,0,False,https://disershop.com.uy/index.php?route=product/product&product_id=20482
2222,Camiseta melmak redondo blanca,Camiseta melmak redondo blanca,REGALOS PERSONALIZADOS,Textil,,,0,False,https://disershop.com.uy/index.php?route=product/product&product_id=20479
2223,Camiseta melmak redondo negra,Camiseta melmak redondo negra,REGALOS PERSONALIZADOS,Textil,,,0,False,https://disershop.com.uy/index.php?route=product/product&product_id=20480
2232,Camiseta niu00f1o Terracota,Camiseta niño Terracota,REGALOS PERSONALIZADOS,Textil,,,0,False,https://disershop.com.uy/camiseta-niu00f1o-terracota
821,Camiseta niño Subliprint blanca,Camiseta niño Subliprint blanca,REGALOS PERSONALIZADOS,Textil,129.0,322.5,1,True,https://disershop.com.uy/productos/sublimación/textiles/niños/camiseta-niño-subliprint-blanco
822,Camiseta pocket azul piedra,Camiseta pocket azul piedra,REGALOS PERSONALIZADOS,Textil,279.0,697.5,1,True,https://disershop.com.uy/cibermayorista-en-disershop/monitores/camiseta-pocket-azul-piedra
823,Camiseta pocket beige,Camiseta pocket beige,REGALOS PERSONALIZADOS,Textil,279.0,697.5,1,True,https://disershop.com.uy/cibermayorista-en-disershop/monitores/camiseta-pocket-beige
824,Camiseta pocket negro,Camiseta pocket negro,REGALOS PERSONALIZADOS,Textil,279.0,697.5,1,True,https://disershop.com.uy/cibermayorista-en-disershop/monitores/camiseta-pocket-negro
2233,Camiseta promo combo blanco,Camiseta promo combo blanco,REGALOS PERSONALIZADOS,Textil,,,0,False,https://disershop.com.uy/index.php?route=product/product&product_id=20391
2234,Camiseta promo combo celeste,Camiseta promo combo celeste,REGALOS PERSONALIZADOS,Textil,,,0,False,https://disershop.com.uy/index.php?route=product/product&product_id=20397
2235,Camiseta promo combo negro,Camiseta promo combo negro,REGALOS PERSONALIZADOS,Textil,,,0,False,https://disershop.com.uy/index.php?route=product/product&product_id=20393
2236,Camiseta promo combo rojo,Camiseta promo combo rojo,REGALOS PERSONALIZADOS,Textil,,,0,False,https://disershop.com.uy/index.php?route=product/product&product_id=20395
2237,Camiseta puerta ciudadela azul piedra,Camiseta puerta ciudadela azul piedra,REGALOS PERSONALIZADOS,Textil,,,0,False,https://disershop.com.uy/index.php?route=product/product&product_id=20418
2238,Camiseta roja candombe,Camiseta roja candombe,REGALOS PERSONALIZADOS,Textil,,,0,False,https://disershop.com.uy/index.php?route=product/product&product_id=20419
2239,Camiseta roja tango,Camiseta roja tango,REGALOS PERSONALIZADOS,Textil,,,0,False,https://disershop.com.uy/index.php?route=product/product&product_id=21796
2240,Camiseta salvo benetton,Camiseta salvo benetton,REGALOS PERSONALIZADOS,Textil,,,0,False,https://disershop.com.uy/index.php?route=product/product&product_id=20442
826,Camiseta slim TC 170gr rosa sepia,Camiseta slim TC 170gr rosa sepia,REGALOS PERSONALIZADOS,Textil,149.0,372.5,1,True,https://disershop.com.uy/productos/vestimenta/camisetas/camiseta-slim-tc-170gr-rosa-sepia
827,Camiseta slim TC 170gr verde,Camiseta slim TC 170gr verde,REGALOS PERSONALIZADOS,Textil,149.0,372.5,1,True,https://disershop.com.uy/productos/vestimenta/camisetas/camiseta-slim-tc-170gr-verde
828,Camiseta slim algodon azul marino,Camiseta slim algodon azul marino,REGALOS PERSONALIZADOS,Textil,279.0,697.5,1,True,https://disershop.com.uy/camisetas/camiseta-slim-algodon-azul-marino-1
829,Camiseta slim algodon azul piedra,Camiseta slim algodon azul piedra,REGALOS PERSONALIZADOS,Textil,279.0,697.5,1,True,https://disershop.com.uy/camisetas/camiseta-slim-algodon-azul-piedra
830,Camiseta slim algodon beige,Camiseta slim algodon beige,REGALOS PERSONALIZADOS,Textil,279.0,697.5,1,True,https://disershop.com.uy/camisetas/camiseta-slim-algodon-beige
831,Camiseta slim algodon coral,Camiseta slim algodon coral,REGALOS PERSONALIZADOS,Textil,279.0,697.5,1,True,https://disershop.com.uy/camisetas/camiseta-slim-algodon-coral
832,Camiseta slim algodon menta,Camiseta slim algodon menta,REGALOS PERSONALIZADOS,Textil,279.0,697.5,1,True,https://disershop.com.uy/camisetas/camiseta-slim-algodon-menta
833,Camiseta slim algodon negro,Camiseta slim algodon negro,REGALOS PERSONALIZADOS,Textil,279.0,697.5,1,True,https://disershop.com.uy/camisetas/camiseta-slim-algodon-negro
834,Camiseta slim algodon rosado,Camiseta slim algodon rosado,REGALOS PERSONALIZADOS,Textil,279.0,697.5,1,True,https://disershop.com.uy/camisetas/camiseta-slim-algodon-rosado
835,Camiseta slim algodon terracota,Camiseta slim algodon terracota,REGALOS PERSONALIZADOS,Textil,279.0,697.5,1,True,https://disershop.com.uy/camisetas/camiseta-slim-algodon-terracota
836,Camiseta slim algodon uva,Camiseta slim algodon uva,REGALOS PERSONALIZADOS,Textil,279.0,697.5,1,True,https://disershop.com.uy/camisetas/camiseta-slim-algodon-uva
837,Camiseta slim cuello en u negro,Camiseta slim cuello en u negro,REGALOS PERSONALIZADOS,Textil,149.0,372.5,1,True,https://disershop.com.uy/productos/vestimenta/camisetas/camiseta-slim-cuello-en-u-negro
2243,Camiseta slim negro,Camiseta slim negro,REGALOS PERSONALIZADOS,Textil,,,0,False,https://disershop.com.uy/productos/vestimenta/camisetas/camiseta-slim-negro
838,Camiseta subliprint gris mel/az,Camiseta subliprint gris mel/az,REGALOS PERSONALIZADOS,Textil,99.0,247.5,1,True,https://disershop.com.uy/emprendedores/sublimables/textiles/camiseta-subliprint-gris-mel-az
2244,Camiseta surfopen gris,Camiseta surfopen gris,REGALOS PERSONALIZADOS,Textil,,,0,False,https://disershop.com.uy/index.php?route=product/product&product_id=20427
2248,Camiseta verde militar,Camiseta verde militar,REGALOS PERSONALIZADOS,Textil,,,0,False,https://disershop.com.uy/camiseta-verde-militar
921,Canguro Adulto SW Terry beige,Canguro Adulto SW Terry beige,REGALOS PERSONALIZADOS,Textil,399.0,997.5,1,True,https://disershop.com.uy/vestimenta/mujer/buzos/canguro-adulto-sw-terry-beige
922,Canguro Adulto SW Terry blanco,Canguro Adulto SW Terry blanco,REGALOS PERSONALIZADOS,Textil,849.0,2122.5,1,True,https://disershop.com.uy/vestimenta/ropa-de-trabajo/buzos-y-camperas/canguro-adulto-sw-terry-blanco
2281,Canguro Adulto SW Terry francia,Canguro Adulto SW Terry francia,REGALOS PERSONALIZADOS,Textil,,,0,False,https://disershop.com.uy/vestimenta/ropa-de-trabajo/buzos-y-camperas/canguro-adulto-sw-terry-francia
923,Canguro Adulto SW Terry gris melange,Canguro Adulto SW Terry gris melange,REGALOS PERSONALIZADOS,Textil,849.0,2122.5,1,True,https://disershop.com.uy/vestimenta/ropa-de-trabajo/buzos-y-camperas/canguro-adulto-sw-terry-gris-melange
924,Canguro Adulto SW Terry negro,Canguro Adulto SW Terry negro,REGALOS PERSONALIZADOS,Textil,849.0,2122.5,1,True,https://disershop.com.uy/vestimenta/ropa-de-trabajo/buzos-y-camperas/canguro-adulto-sw-terry-negro
925,Canguro Adulto SW Terry salmon,Canguro Adulto SW Terry salmon,REGALOS PERSONALIZADOS,Textil,399.0,997.5,1,True,https://disershop.com.uy/vestimenta/mujer/buzos/canguro-adulto-sw-terry-salmon
926,Canguro Adulto SW Terry verde limon,Canguro Adulto SW Terry verde limon,REGALOS PERSONALIZADOS,Textil,399.0,997.5,1,True,https://disershop.com.uy/vestimenta/mujer/buzos/canguro-adulto-sw-terry-verde-limon
2282,Canguro Con Cierre Negro (RF-CANCIE-02),Canguro Con Cierre Negro (RF-CANCIE-02),REGALOS PERSONALIZADOS,Textil,,,0,False,https://disershop.com.uy/productos/vestimenta/buzos-de-felpa/canguro-con-cierre-negro
2283,Canguro Felpa AE Azul Marino,Canguro Felpa AE Azul Marino,REGALOS PERSONALIZADOS,Textil,,,0,False,https://disershop.com.uy/ropa-de-trabajo/canguro-felpa-ae-azul-marino
927,Canguro Felpa SW Amarillo,Canguro Felpa SW Amarillo,REGALOS PERSONALIZADOS,Textil,799.0,1997.5,1,True,https://disershop.com.uy/vestimenta/hombre/buzos/canguro-felpa-sw-amarillo
928,Canguro Felpa SW Beige,Canguro Felpa SW Beige,REGALOS PERSONALIZADOS,Textil,799.0,1997.5,1,True,https://disershop.com.uy/papel-carbónico/papeles-de-impresión/papel-plotter-y-porta-planos/canguro-felpa-sw-beige
929,Canguro Felpa SW Blanco,Canguro Felpa SW Blanco,REGALOS PERSONALIZADOS,Textil,799.0,1997.5,1,True,https://disershop.com.uy/vestimenta/hombre/buzos/canguro-felpa-sw-blanco
930,Canguro Felpa SW Celeste Claro,Canguro Felpa SW Celeste Claro,REGALOS PERSONALIZADOS,Textil,799.0,1997.5,0,True,https://disershop.com.uy/papel-carbónico/papeles-de-impresión/papel-plotter-y-porta-planos/canguro-felpa-sw-celeste-claro
931,Canguro Felpa SW Marron,Canguro Felpa SW Marron,REGALOS PERSONALIZADOS,Textil,799.0,1997.5,0,True,https://disershop.com.uy/papel-carbónico/papeles-de-impresión/papel-plotter-y-porta-planos/canguro-felpa-sw-marron
932,Canguro Felpa SW Naranja,Canguro Felpa SW Naranja,REGALOS PERSONALIZADOS,Textil,799.0,1997.5,1,True,https://disershop.com.uy/vestimenta/hombre/buzos/canguro-felpa-sw-naranja
933,Canguro Felpa SW Rojo,Canguro Felpa SW Rojo,REGALOS PERSONALIZADOS,Textil,799.0,1997.5,1,True,https://disershop.com.uy/vestimenta/hombre/buzos/canguro-felpa-sw-rojo
934,Canguro Felpa SW Rosado,Canguro Felpa SW Rosado,REGALOS PERSONALIZADOS,Textil,799.0,1997.5,1,True,https://disershop.com.uy/productos/vestimenta/buzos-de-felpa/canguro-felpa-sw-rosado
935,Canguro Felpa SW Verde,Canguro Felpa SW Verde,REGALOS PERSONALIZADOS,Textil,799.0,1997.5,1,True,https://disershop.com.uy/vestimenta/hombre/buzos/canguro-felpa-sw-verde
936,Canguro Felpa SW Violeta,Canguro Felpa SW Violeta,REGALOS PERSONALIZADOS,Textil,799.0,1997.5,0,True,https://disershop.com.uy/productos/vestimenta/buzos-de-felpa/canguro-felpa-sw-violeta
937,Canguro Felpa SW gris melange,Canguro Felpa SW gris melange,REGALOS PERSONALIZADOS,Textil,799.0,1997.5,1,True,https://disershop.com.uy/vestimenta/ropa-de-trabajo/buzos-y-camperas/canguro-felpa-sw-gris-melange
938,Canguro Felpa SW gris melange/azul,Canguro Felpa SW gris melange/azul,REGALOS PERSONALIZADOS,Textil,799.0,1997.5,1,True,https://disershop.com.uy/vestimenta/mujer/buzos/canguro-felpa-sw-gris-melange-azul-1
939,Canguro Felpa SW gris melange/bordeaux,Canguro Felpa SW gris melange/bordeaux,REGALOS PERSONALIZADOS,Textil,799.0,1997.5,1,True,https://disershop.com.uy/vestimenta/mujer/buzos/canguro-felpa-sw-gris-melange-bordeaux
940,Canguro Felpa SW gris melange/negro,Canguro Felpa SW gris melange/negro,REGALOS PERSONALIZADOS,Textil,799.0,1997.5,0,True,https://disershop.com.uy/vestimenta/mujer/buzos/canguro-felpa-sw-gris-melange-negro
941,Canguro Felpa SW gris melange/verde,Canguro Felpa SW gris melange/verde,REGALOS PERSONALIZADOS,Textil,399.0,997.5,0,True,https://disershop.com.uy/vestimenta/mujer/buzos/canguro-felpa-sw-gris-melange-verde
942,Canguro Felpa Sw Azul Marino (INV-CANSCIESW-04),Canguro Felpa Sw Azul Marino (INV-CANSCIESW-04),REGALOS PERSONALIZADOS,Textil,799.0,1997.5,1,True,https://disershop.com.uy/vestimenta/hombre/buzos/canguro-felpa-sw-azul-marino
943,Canguro Felpa Sw Negro (INV-CANSCIESW-02),Canguro Felpa Sw Negro (INV-CANSCIESW-02),REGALOS PERSONALIZADOS,Textil,799.0,1997.5,1,True,https://disershop.com.uy/vestimenta/hombre/buzos/canguro-felpa-sw-negro
944,Canguro Niño Felpa SW Amarillo,Canguro Niño Felpa SW Amarillo,REGALOS PERSONALIZADOS,Textil,299.0,747.5,0,True,https://disershop.com.uy/vestimenta/niño/buzos/canguro-niño-felpa-sw-amarillo
945,Canguro Niño Felpa SW Azul,Canguro Niño Felpa SW Azul,REGALOS PERSONALIZADOS,Textil,649.0,1622.5,1,True,https://disershop.com.uy/vestimenta/niño/buzos/canguro-niño-felpa-sw-azul
946,Canguro Niño Felpa SW Azul Francia,Canguro Niño Felpa SW Azul Francia,REGALOS PERSONALIZADOS,Textil,649.0,1622.5,0,True,https://disershop.com.uy/vestimenta/niño/buzos/canguro-niño-felpa-sw-azul-francia
947,Canguro Niño Felpa SW Beige,Canguro Niño Felpa SW Beige,REGALOS PERSONALIZADOS,Textil,649.0,1622.5,0,True,https://disershop.com.uy/productos/vestimenta/felpa-speedway/canguro-niño-felpa-sw-beige
948,Canguro Niño Felpa SW Benetton,Canguro Niño Felpa SW Benetton,REGALOS PERSONALIZADOS,Textil,299.0,747.5,0,True,https://disershop.com.uy/vestimenta/niño/buzos/canguro-niño-felpa-sw-benetton
949,Canguro Niño Felpa SW Blanco,Canguro Niño Felpa SW Blanco,REGALOS PERSONALIZADOS,Textil,649.0,1622.5,1,True,https://disershop.com.uy/productos/vestimenta/felpa-speedway/canguro-niño-felpa-sw-blanco
950,Canguro Niño Felpa SW Celeste,Canguro Niño Felpa SW Celeste,REGALOS PERSONALIZADOS,Textil,649.0,1622.5,0,True,https://disershop.com.uy/productos/vestimenta/felpa-speedway/canguro-niño-felpa-sw-celeste
951,Canguro Niño Felpa SW Naranja,Canguro Niño Felpa SW Naranja,REGALOS PERSONALIZADOS,Textil,299.0,747.5,1,True,https://disershop.com.uy/vestimenta/niño/buzos/canguro-niño-felpa-sw-naranja
952,Canguro Niño Felpa SW Negro,Canguro Niño Felpa SW Negro,REGALOS PERSONALIZADOS,Textil,649.0,1622.5,1,True,https://disershop.com.uy/vestimenta/niño/buzos/canguro-niño-felpa-sw-negro
953,Canguro Niño Felpa SW Rojo,Canguro Niño Felpa SW Rojo,REGALOS PERSONALIZADOS,Textil,649.0,1622.5,1,True,https://disershop.com.uy/vestimenta/niño/buzos/canguro-niño-felpa-sw-rojo
954,Canguro Niño Felpa SW Rosado,Canguro Niño Felpa SW Rosado,REGALOS PERSONALIZADOS,Textil,649.0,1622.5,1,True,https://disershop.com.uy/productos/vestimenta/felpa-speedway/canguro-niño-felpa-sw-rosado
2284,Canguro Polar Dama Bear Azul Marino,Canguro Polar Dama Bear Azul Marino,REGALOS PERSONALIZADOS,Textil,,,0,False,https://disershop.com.uy/ropa-de-trabajo/buzos?product_id=18445
2285,Canguro Polar Dama Bear Negro,Canguro Polar Dama Bear Negro,REGALOS PERSONALIZADOS,Textil,,,0,False,https://disershop.com.uy/ropa-de-trabajo/buzos?product_id=18444
2337,Curva Camiseta Amarilla,Curva Camiseta Amarilla,REGALOS PERSONALIZADOS,Textil,,,0,False,https://disershop.com.uy/index.php?route=product/product&product_id=22466
2338,Curva Camiseta Azul Francia,Curva Camiseta Azul Francia,REGALOS PERSONALIZADOS,Textil,,,0,False,https://disershop.com.uy/index.php?route=product/product&product_id=22473
2339,Curva Camiseta Azul Marino,Curva Camiseta Azul Marino,REGALOS PERSONALIZADOS,Textil,,,0,False,https://disershop.com.uy/index.php?route=product/product&product_id=22453
2340,Curva Camiseta Beige,Curva Camiseta Beige,REGALOS PERSONALIZADOS,Textil,,,0,False,https://disershop.com.uy/index.php?route=product/product&product_id=22474
2341,Curva Camiseta Benetton,Curva Camiseta Benetton,REGALOS PERSONALIZADOS,Textil,,,0,False,https://disershop.com.uy/index.php?route=product/product&product_id=22476
2342,Curva Camiseta Bordeaux,Curva Camiseta Bordeaux,REGALOS PERSONALIZADOS,Textil,,,0,False,https://disershop.com.uy/index.php?route=product/product&product_id=22475
2343,Curva Camiseta Celeste,Curva Camiseta Celeste,REGALOS PERSONALIZADOS,Textil,,,0,False,https://disershop.com.uy/index.php?route=product/product&product_id=22478
2344,Curva Camiseta Gris Melange,Curva Camiseta Gris Melange,REGALOS PERSONALIZADOS,Textil,,,0,False,https://disershop.com.uy/index.php?route=product/product&product_id=22459
2346,Curva Camiseta Marron,Curva Camiseta Marron,REGALOS PERSONALIZADOS,Textil,,,0,False,https://disershop.com.uy/index.php?route=product/product&product_id=22477
2347,Curva Camiseta Naranja,Curva Camiseta Naranja,REGALOS PERSONALIZADOS,Textil,,,0,False,https://disershop.com.uy/index.php?route=product/product&product_id=22468
2348,Curva Camiseta Negra,Curva Camiseta Negra,REGALOS PERSONALIZADOS,Textil,,,0,False,https://disershop.com.uy/index.php?route=product/product&product_id=22020
2349,Curva Camiseta Roja,Curva Camiseta Roja,REGALOS PERSONALIZADOS,Textil,,,0,False,https://disershop.com.uy/index.php?route=product/product&product_id=22472
2350,Curva Camiseta Rosado,Curva Camiseta Rosado,REGALOS PERSONALIZADOS,Textil,,,0,False,https://disershop.com.uy/index.php?route=product/product&product_id=22462
2351,Curva Camiseta Verde,Curva Camiseta Verde,REGALOS PERSONALIZADOS,Textil,,,0,False,https://disershop.com.uy/index.php?route=product/product&product_id=22471
2352,Curva Camiseta Verde Manzana,Curva Camiseta Verde Manzana,REGALOS PERSONALIZADOS,Textil,,,0,False,https://disershop.com.uy/index.php?route=product/product&product_id=22464
2353,Curva Camiseta Violeta,Curva Camiseta Violeta,REGALOS PERSONALIZADOS,Textil,,,0,False,https://disershop.com.uy/index.php?route=product/product&product_id=22457
1046,Delantal Holm c/bolsillo Beige,Delantal Holm c/bolsillo Beige,REGALOS PERSONALIZADOS,Textil,999.0,2497.5,0,True,https://disershop.com.uy/digital-days/digital-days-20/delantal-holm-c-bolsillo-beige
2354,Delantal Liso S/Bolsillo Blanco,Delantal Liso S/Bolsillo Blanco,REGALOS PERSONALIZADOS,Textil,,,0,False,https://disershop.com.uy/vestimenta/accesorios-bolsos/delantal-liso-s-bolsillo-blanco
2355,Delantal Liso S/Bolsillo Bordeaux,Delantal Liso S/Bolsillo Bordeaux,REGALOS PERSONALIZADOS,Textil,,,0,False,https://disershop.com.uy/vestimenta/accesorios-bolsos/delantal-liso-s-bolsillo-bordeaux
1048,Delantal Liso S/Bolsillo SW Amarillo,Delantal Liso S/Bolsillo SW Amarillo,REGALOS PERSONALIZADOS,Textil,619.0,1547.5,1,True,https://disershop.com.uy/oficina-y-hogar/delantales/delantal-liso-s-bolsillo-sw-5-unidades-amarillo
1049,Delantal Liso S/Bolsillo SW Azul Francia,Delantal Liso S/Bolsillo SW Azul Francia,REGALOS PERSONALIZADOS,Textil,619.0,1547.5,1,True,https://disershop.com.uy/oficina-y-hogar/delantales/delantal-liso-s-bolsillo-sw-5-unidades-azul-francia
1050,Delantal Liso S/Bolsillo SW Azul Marino,Delantal Liso S/Bolsillo SW Azul Marino,REGALOS PERSONALIZADOS,Textil,619.0,1547.5,0,True,https://disershop.com.uy/oficina-y-hogar/delantales/delantal-liso-s-bolsillo-sw-5-unidades-azul-marino
1051,Delantal Liso S/Bolsillo SW Blanco,Delantal Liso S/Bolsillo SW Blanco,REGALOS PERSONALIZADOS,Textil,619.0,1547.5,0,True,https://disershop.com.uy/oficina-y-hogar/delantales/delantal-liso-s-bolsillo-sw-5-unidades-blanco
1052,Delantal Liso S/Bolsillo SW Negro,Delantal Liso S/Bolsillo SW Negro,REGALOS PERSONALIZADOS,Textil,619.0,1547.5,1,True,https://disershop.com.uy/oficina-y-hogar/delantales/delantal-liso-s-bolsillo-sw-5-unidades-negro
1053,Delantal Liso S/Bolsillo SW Rojo,Delantal Liso S/Bolsillo SW Rojo,REGALOS PERSONALIZADOS,Textil,619.0,1547.5,0,True,https://disershop.com.uy/oficina-y-hogar/delantales/delantal-liso-s-bolsillo-sw-5-unidades-rojo
2356,Delantal Liso sin Bolsillo Azul Francia,Delantal Liso sin Bolsillo Azul Francia,REGALOS PERSONALIZADOS,Textil,,,0,False,https://disershop.com.uy/vestimenta/accesorios-bolsos/delantal-liso-s-bolsillo-azul-francia
2357,Delantal Liso sin Bolsillo Azul Marino,Delantal Liso sin Bolsillo Azul Marino,REGALOS PERSONALIZADOS,Textil,,,0,False,https://disershop.com.uy/vestimenta/accesorios-bolsos/delantal-liso-s-bolsillo-azul-marino
2358,Delantal Rey De La Parrilla,Delantal Rey De La Parrilla,REGALOS PERSONALIZADOS,Textil,,,0,False,https://disershop.com.uy/index.php?route=product/product&product_id=22579
1054,Delantal Vesper c/bolsillo Azul,Delantal Vesper c/bolsillo Azul,REGALOS PERSONALIZADOS,Textil,999.0,2497.5,0,True,https://disershop.com.uy/digital-days/digital-days-20/delantal-vesper-c-bolsillo-azul-1
1055,Delantal Vesper c/bolsillo Negro,Delantal Vesper c/bolsillo Negro,REGALOS PERSONALIZADOS,Textil,999.0,2497.5,0,True,https://disershop.com.uy/oficina-y-hogar/delantales/delantal-vesper-c-bolsillo-negro
2359,Delantal dulce de leche,Delantal dulce de leche,REGALOS PERSONALIZADOS,Textil,,,0,False,https://disershop.com.uy/estampados/turismo/camisetas/delantal-dulce-de-leche
2361,Delantal liso sublimable blanco/amarillo,Delantal liso sublimable blanco/amarillo,REGALOS PERSONALIZADOS,Textil,,,0,False,https://disershop.com.uy/sublimacion-todo?product_id=19032
2362,Delantal liso sublimable blanco/benetton,Delantal liso sublimable blanco/benetton,REGALOS PERSONALIZADOS,Textil,,,0,False,https://disershop.com.uy/sublimacion-todo?product_id=18226
2363,Delantal liso sublimable blanco/francia,Delantal liso sublimable blanco/francia,REGALOS PERSONALIZADOS,Textil,,,0,False,https://disershop.com.uy/sublimacion-todo?product_id=19033
2364,Delantal liso sublimable blanco/negro,Delantal liso sublimable blanco/negro,REGALOS PERSONALIZADOS,Textil,,,0,False,https://disershop.com.uy/sublimacion-todo?product_id=19034
2365,Delantal liso sublimable blanco/rojo,Delantal liso sublimable blanco/rojo,REGALOS PERSONALIZADOS,Textil,,,0,False,https://disershop.com.uy/sublimacion-todo?product_id=19031
2367,Delantales,Delantales,REGALOS PERSONALIZADOS,Textil,,,0,False,https://disershop.com.uy/index.php?route=product/product&product_id=19029
2368,Delantales hellmans,Delantales hellmans,REGALOS PERSONALIZADOS,Textil,,,0,False,https://disershop.com.uy/index.php?route=product/product&product_id=19030
1097,Gorro 5001 Amarillo (GP-5001-07),Gorro 5001 Amarillo (GP-5001-07),REGALOS PERSONALIZADOS,Textil,75.0,187.5,1,True,https://disershop.com.uy/productos/vestimenta/p-vestimenta-gorros/gorro-5001-amarillo-1
1098,Gorro 5001 Azul Marino (GP-5001-04),Gorro 5001 Azul Marino (GP-5001-04),REGALOS PERSONALIZADOS,Textil,75.0,187.5,1,True,https://disershop.com.uy/productos/vestimenta/p-vestimenta-gorros/gorro-5001-azul-marino
1099,Gorro 5001 Beige (GP-5001-24),Gorro 5001 Beige (GP-5001-24),REGALOS PERSONALIZADOS,Textil,75.0,187.5,0,True,https://disershop.com.uy/productos/vestimenta/p-vestimenta-gorros/gorro-5001-beige
1100,Gorro 5001 Blanco (GP-5001-01),Gorro 5001 Blanco (GP-5001-01),REGALOS PERSONALIZADOS,Textil,75.0,187.5,0,True,https://disershop.com.uy/productos/vestimenta/p-vestimenta-gorros/gorro-5001-blanco
1101,Gorro 5001 Celeste (GP-5001-18),Gorro 5001 Celeste (GP-5001-18),REGALOS PERSONALIZADOS,Textil,75.0,187.5,0,True,https://disershop.com.uy/productos/vestimenta/p-vestimenta-gorros/gorro-5001-celeste
1102,Gorro 5001 Francia (GP-5001-11),Gorro 5001 Francia (GP-5001-11),REGALOS PERSONALIZADOS,Textil,75.0,187.5,1,True,https://disershop.com.uy/productos/vestimenta/p-vestimenta-gorros/gorro-5001-francia
1103,Gorro 5001 Naranja (GP-5001-10),Gorro 5001 Naranja (GP-5001-10),REGALOS PERSONALIZADOS,Textil,75.0,187.5,1,True,https://disershop.com.uy/productos/vestimenta/p-vestimenta-gorros/gorro-5001-naranja
1104,Gorro 5001 Negro (GP-5001-02),Gorro 5001 Negro (GP-5001-02),REGALOS PERSONALIZADOS,Textil,75.0,187.5,1,True,https://disershop.com.uy/productos/vestimenta/p-vestimenta-gorros/gorro-5001-negro
1105,Gorro 5001 Rojo (GP-5001-03),Gorro 5001 Rojo (GP-5001-03),REGALOS PERSONALIZADOS,Textil,75.0,187.5,1,True,https://disershop.com.uy/productos/vestimenta/p-vestimenta-gorros/gorro-5001-rojo
1106,Gorro 5001 Verde Oscuro (GP-5001-08),Gorro 5001 Verde Oscuro (GP-5001-08),REGALOS PERSONALIZADOS,Textil,75.0,187.5,0,True,https://disershop.com.uy/productos/vestimenta/p-vestimenta-gorros/gorro-5001-verde-oscuro
2392,Gorro 5001 naranja fluor,Gorro 5001 naranja fluor,REGALOS PERSONALIZADOS,Textil,,,0,False,https://disershop.com.uy/productos/vestimenta/p-vestimenta-gorros/gorro-5001-naranja-fluor
1107,Gorro 5006 Algodon y Poliester VX Blanco,Gorro 5006 Algodon y Poliester VX Blanco,REGALOS PERSONALIZADOS,Textil,49.0,122.5,0,True,https://disershop.com.uy/productos/vestimenta/p-vestimenta-gorros/gorro-5006-algodon-y-poliester-vx-blanco
2393,Gorro 5006 Algodon y Poliester VX Negro,Gorro 5006 Algodon y Poliester VX Negro,REGALOS PERSONALIZADOS,Textil,,,0,False,https://disershop.com.uy/productos/vestimenta/p-vestimenta-gorros/gorro-5006-algodon-y-poliester-vx-negro
1108,Gorro 5006 Nuquero Naranja (GP-5006-10),Gorro 5006 Nuquero Naranja (GP-5006-10),REGALOS PERSONALIZADOS,Textil,145.0,362.5,1,True,https://disershop.com.uy/productos/vestimenta/p-vestimenta-gorros/gorro-5006-nuquero-naranja
1109,Gorro 5009 Beige/Azul,Gorro 5009 Beige/Azul,REGALOS PERSONALIZADOS,Textil,99.0,247.5,1,True,https://disershop.com.uy/productos/vestimenta/p-vestimenta-gorros/gorro-5009-beige-azul-1
1110,Gorro 5009 Beige/Negro,Gorro 5009 Beige/Negro,REGALOS PERSONALIZADOS,Textil,99.0,247.5,1,True,https://disershop.com.uy/productos/vestimenta/p-vestimenta-gorros/gorro-5009-beige-negro
1111,Gorro 5009 Beige/Verde,Gorro 5009 Beige/Verde,REGALOS PERSONALIZADOS,Textil,99.0,247.5,1,True,https://disershop.com.uy/productos/vestimenta/p-vestimenta-gorros/gorro-5009-beige-verde
2394,Gorro 5012 Poliester VX Blanco,Gorro 5012 Poliester VX Blanco,REGALOS PERSONALIZADOS,Textil,,,0,False,https://disershop.com.uy/productos/vestimenta/p-vestimenta-gorros/gorro-5012-poliester-vx-blanco
2395,Gorro 5012 Poliester VX Francia,Gorro 5012 Poliester VX Francia,REGALOS PERSONALIZADOS,Textil,,,0,False,https://disershop.com.uy/productos/vestimenta/p-vestimenta-gorros/gorro-5012-poliester-vx-francia
2396,Gorro 5012 Poliester VX Negro,Gorro 5012 Poliester VX Negro,REGALOS PERSONALIZADOS,Textil,,,0,False,https://disershop.com.uy/productos/vestimenta/p-vestimenta-gorros/gorro-5012-poliester-vx-negro
1112,Gorro 5012 Poly Blanco,Gorro 5012 Poly Blanco,REGALOS PERSONALIZADOS,Textil,65.0,162.5,1,True,https://disershop.com.uy/emprendedores/sublimables/textiles/gorro-5012-poly-blanco
1113,Gorro 5012 Poly Marino (GP-5012-04),Gorro 5012 Poly Marino (GP-5012-04),REGALOS PERSONALIZADOS,Textil,65.0,162.5,0,True,https://disershop.com.uy/productos/vestimenta/p-vestimenta-gorros/gorro-5012-poly-marino
1114,Gorro 5012 Poly Negro (GP-5012-02),Gorro 5012 Poly Negro (GP-5012-02),REGALOS PERSONALIZADOS,Textil,65.0,162.5,1,True,https://disershop.com.uy/productos/vestimenta/p-vestimenta-gorros/gorro-5012-poly-negro
1115,Gorro 5013 Mesh Blanco/Blanco (GP-5013-0101),Gorro 5013 Mesh Blanco/Blanco (GP-5013-0101),REGALOS PERSONALIZADOS,Textil,49.0,122.5,0,True,https://disershop.com.uy/emprendedores/sublimables/textiles/gorro-5013-mesh-blanco-blanco
1116,Gorro 5013 Mesh Francia/Blanco (GP-5013-1101),Gorro 5013 Mesh Francia/Blanco (GP-5013-1101),REGALOS PERSONALIZADOS,Textil,49.0,122.5,0,True,https://disershop.com.uy/emprendedores/sublimables/textiles/gorro-5013-mesh-francia-blanco
1117,Gorro 5013 Mesh Francia/Rojo/Blanco (GP-5013-110301),Gorro 5013 Mesh Francia/Rojo/Blanco (GP-5013-110301),REGALOS PERSONALIZADOS,Textil,49.0,122.5,1,True,https://disershop.com.uy/emprendedores/sublimables/textiles/gorro-5013-mesh-francia-rojo-blanco
1118,Gorro 5013 Mesh Negro/Blanco (GP-5013-0201),Gorro 5013 Mesh Negro/Blanco (GP-5013-0201),REGALOS PERSONALIZADOS,Textil,49.0,122.5,0,True,https://disershop.com.uy/emprendedores/sublimables/textiles/gorro-5013-mesh-negro-blanco
1119,Gorro 5013 Mesh Negro/Celeste (GP-5013-0218),Gorro 5013 Mesh Negro/Celeste (GP-5013-0218),REGALOS PERSONALIZADOS,Textil,49.0,122.5,1,True,https://disershop.com.uy/emprendedores/sublimables/textiles/gorro-5013-mesh-negro-celeste-1
1120,Gorro 5013 Mesh Negro/Negro (GP-5013-0202),Gorro 5013 Mesh Negro/Negro (GP-5013-0202),REGALOS PERSONALIZADOS,Textil,49.0,122.5,0,True,https://disershop.com.uy/productos/vestimenta/p-vestimenta-gorros/gorro-5013-mesh-negro-negro
1121,Gorro 5013 Mesh Rojo/Blanco (GP-5013-0301),Gorro 5013 Mesh Rojo/Blanco (GP-5013-0301),REGALOS PERSONALIZADOS,Textil,49.0,122.5,0,True,https://disershop.com.uy/emprendedores/sublimables/textiles/gorro-5013-mesh-rojo-blanco
1122,Gorro 5013 Mesh Verde/Verde (GP-5013-0808),Gorro 5013 Mesh Verde/Verde (GP-5013-0808),REGALOS PERSONALIZADOS,Textil,49.0,122.5,0,True,https://disershop.com.uy/emprendedores/sublimables/textiles/gorro-5013-mesh-verde-verde
1123,Gorro 5013 Mesh amarillo fluo/amarillo fluo,Gorro 5013 Mesh amarillo fluo/amarillo fluo,REGALOS PERSONALIZADOS,Textil,49.0,122.5,0,True,https://disershop.com.uy/emprendedores/sublimables/textiles/gorro-5013-mesh-amarillo-fluo-amarillo-fluo
1124,Gorro 5013 Mesh azul marino/blanco,Gorro 5013 Mesh azul marino/blanco,REGALOS PERSONALIZADOS,Textil,49.0,122.5,0,True,https://disershop.com.uy/emprendedores/sublimables/textiles/gorro-5013-mesh-azul-marino-blanco
1125,Gorro 5013 Mesh bordeaux/blanco,Gorro 5013 Mesh bordeaux/blanco,REGALOS PERSONALIZADOS,Textil,49.0,122.5,0,True,https://disershop.com.uy/productos/vestimenta/p-vestimenta-gorros/gorro-5013-mesh-bordeaux-blanco
1126,Gorro 5013 Mesh celeste/blanco,Gorro 5013 Mesh celeste/blanco,REGALOS PERSONALIZADOS,Textil,49.0,122.5,0,True,https://disershop.com.uy/emprendedores/sublimables/textiles/gorro-5013-mesh-celeste-blanco
1127,Gorro 5013 Mesh fucsia/blanco,Gorro 5013 Mesh fucsia/blanco,REGALOS PERSONALIZADOS,Textil,49.0,122.5,0,True,https://disershop.com.uy/productos/vestimenta/p-vestimenta-gorros/gorro-5013-mesh-fucsia-blanco
1128,Gorro 5013 Mesh naranja fluo/naranja fluo,Gorro 5013 Mesh naranja fluo/naranja fluo,REGALOS PERSONALIZADOS,Textil,49.0,122.5,0,True,https://disershop.com.uy/emprendedores/sublimables/textiles/gorro-5013-mesh-naranja-fluo-naranja-fluo
1129,Gorro 5013 Mesh negro/cromo,Gorro 5013 Mesh negro/cromo,REGALOS PERSONALIZADOS,Textil,49.0,122.5,0,True,https://disershop.com.uy/emprendedores/sublimables/textiles/gorro-5013-mesh-negro-cromo
1130,Gorro 5013 Mesh rosado fluo/rosado fluo,Gorro 5013 Mesh rosado fluo/rosado fluo,REGALOS PERSONALIZADOS,Textil,49.0,122.5,0,True,https://disershop.com.uy/emprendedores/sublimables/textiles/gorro-5013-mesh-rosado-fluo-rosado-fluo-1
1131,Gorro 5013 Mesh rosado/blanco,Gorro 5013 Mesh rosado/blanco,REGALOS PERSONALIZADOS,Textil,49.0,122.5,0,True,https://disershop.com.uy/productos/vestimenta/p-vestimenta-gorros/gorro-5013-mesh-rosado-blanco
1132,Gorro 5013 Mesh violeta/blanco,Gorro 5013 Mesh violeta/blanco,REGALOS PERSONALIZADOS,Textil,49.0,122.5,0,True,https://disershop.com.uy/productos/vestimenta/p-vestimenta-gorros/gorro-5013-mesh-violeta-blanco
1133,Gorro 5019 Azul Francia,Gorro 5019 Azul Francia,REGALOS PERSONALIZADOS,Textil,119.0,297.5,1,True,https://disershop.com.uy/productos/vestimenta/p-vestimenta-gorros/gorro-5019-azul-francia-1
1134,Gorro 5019 Azul Marino,Gorro 5019 Azul Marino,REGALOS PERSONALIZADOS,Textil,119.0,297.5,1,True,https://disershop.com.uy/productos/vestimenta/p-vestimenta-gorros/gorro-5019-azul-marino
1135,Gorro 5019 Beige,Gorro 5019 Beige,REGALOS PERSONALIZADOS,Textil,119.0,297.5,1,True,https://disershop.com.uy/productos/vestimenta/p-vestimenta-gorros/gorro-5019-beige
1136,Gorro 5019 Negro,Gorro 5019 Negro,REGALOS PERSONALIZADOS,Textil,119.0,297.5,1,True,https://disershop.com.uy/productos/vestimenta/p-vestimenta-gorros/gorro-5019-negro
1137,Gorro 5019 Rojo,Gorro 5019 Rojo,REGALOS PERSONALIZADOS,Textil,119.0,297.5,1,True,https://disershop.com.uy/productos/vestimenta/p-vestimenta-gorros/gorro-5019-rojo
1138,Gorro 5030 Lavado Azul Marino,Gorro 5030 Lavado Azul Marino,REGALOS PERSONALIZADOS,Textil,159.0,397.5,1,True,https://disershop.com.uy/productos/vestimenta/p-vestimenta-gorros/gorro-5030-lavado-azul-marino-1
1139,Gorro 5030 Lavado Beige,Gorro 5030 Lavado Beige,REGALOS PERSONALIZADOS,Textil,159.0,397.5,1,True,https://disershop.com.uy/productos/vestimenta/p-vestimenta-gorros/gorro-5030-lavado-beige
1140,Gorro 5030 Lavado Bordeaux,Gorro 5030 Lavado Bordeaux,REGALOS PERSONALIZADOS,Textil,159.0,397.5,1,True,https://disershop.com.uy/productos/vestimenta/p-vestimenta-gorros/gorro-5030-lavado-bordeaux
1141,Gorro 5030 Lavado Gris,Gorro 5030 Lavado Gris,REGALOS PERSONALIZADOS,Textil,159.0,397.5,1,True,https://disershop.com.uy/productos/vestimenta/p-vestimenta-gorros/gorro-5030-lavado-gris
1142,Gorro 5030 Lavado Negro,Gorro 5030 Lavado Negro,REGALOS PERSONALIZADOS,Textil,159.0,397.5,1,True,https://disershop.com.uy/productos/vestimenta/p-vestimenta-gorros/gorro-5030-lavado-negro
1143,Gorro 5030 Lavado Rojo,Gorro 5030 Lavado Rojo,REGALOS PERSONALIZADOS,Textil,159.0,397.5,1,True,https://disershop.com.uy/productos/vestimenta/p-vestimenta-gorros/gorro-5030-lavado-rojo
1144,Gorro 5030 Lavado Rosado,Gorro 5030 Lavado Rosado,REGALOS PERSONALIZADOS,Textil,159.0,397.5,1,True,https://disershop.com.uy/productos/vestimenta/p-vestimenta-gorros/gorro-5030-lavado-rosado
1145,Gorro 5032 Lavado Mesh Azul Francia,Gorro 5032 Lavado Mesh Azul Francia,REGALOS PERSONALIZADOS,Textil,149.0,372.5,1,True,https://disershop.com.uy/productos/vestimenta/p-vestimenta-gorros/gorro-5032-lavado-mesh-azul-francia-1
1146,Gorro 5032 Lavado Mesh Bordeaux,Gorro 5032 Lavado Mesh Bordeaux,REGALOS PERSONALIZADOS,Textil,149.0,372.5,1,True,https://disershop.com.uy/productos/vestimenta/p-vestimenta-gorros/gorro-5032-lavado-mesh-bordeaux
1147,Gorro 5032 Lavado Mesh Negro,Gorro 5032 Lavado Mesh Negro,REGALOS PERSONALIZADOS,Textil,149.0,372.5,1,True,https://disershop.com.uy/productos/vestimenta/p-vestimenta-gorros/gorro-5032-lavado-mesh-negro
1148,Gorro 5040 Visera Plana blanco/negro,Gorro 5040 Visera Plana blanco/negro,REGALOS PERSONALIZADOS,Textil,59.0,147.5,1,True,https://disershop.com.uy/productos/vestimenta/p-vestimenta-gorros/gorro-5040-visera-plana-blanco-negro-1
1149,Gorro 5040 Visera Plana gris melange/negro,Gorro 5040 Visera Plana gris melange/negro,REGALOS PERSONALIZADOS,Textil,99.0,247.5,0,True,https://disershop.com.uy/productos/vestimenta/p-vestimenta-gorros/gorro-5040-visera-plana-gris-melange-negro
1150,Gorro 5040 Visera Plana negro/negro,Gorro 5040 Visera Plana negro/negro,REGALOS PERSONALIZADOS,Textil,119.0,297.5,1,True,https://disershop.com.uy/productos/vestimenta/p-vestimenta-gorros/gorro-5040-visera-plana-negro-negro
1151,Gorro 5040 Visera Plana negro/rojo,Gorro 5040 Visera Plana negro/rojo,REGALOS PERSONALIZADOS,Textil,59.0,147.5,0,True,https://disershop.com.uy/productos/vestimenta/p-vestimenta-gorros/gorro-5040-visera-plana-negro-rojo
1152,Gorro 715 Uruguay Laurel (GU715),Gorro 715 Uruguay Laurel (GU715),REGALOS PERSONALIZADOS,Textil,169.0,422.5,1,True,https://disershop.com.uy/vestimenta/deporte/vestimenta-futbol/uruguay-todo/gorro-715-uruguay-laurel
1153,Gorro 720 Canchero Uruguay (GU720),Gorro 720 Canchero Uruguay (GU720),REGALOS PERSONALIZADOS,Textil,169.0,422.5,0,True,https://disershop.com.uy/vestimenta/deporte/vestimenta-futbol/merchandising-fútbol/gorro-720-canchero-uruguay
1154,Gorro 730 Uruguay Bordado Azul,Gorro 730 Uruguay Bordado Azul,REGALOS PERSONALIZADOS,Textil,149.0,372.5,1,True,https://disershop.com.uy/vestimenta/deporte/vestimenta-futbol/uruguay-todo/gorro-730-uruguay-bordado-azul
1155,Gorro 730 Uruguay Bordado Celeste,Gorro 730 Uruguay Bordado Celeste,REGALOS PERSONALIZADOS,Textil,149.0,372.5,0,True,https://disershop.com.uy/vestimenta/deporte/vestimenta-futbol/uruguay-todo/gorro-730-uruguay-bordado-celeste
1156,Gorro 730 Uruguay Bordado Negro,Gorro 730 Uruguay Bordado Negro,REGALOS PERSONALIZADOS,Textil,149.0,372.5,0,True,https://disershop.com.uy/vestimenta/deporte/vestimenta-futbol/uruguay-todo/gorro-730-uruguay-bordado-negro
1157,Gorro 740 Uruguay Azul,Gorro 740 Uruguay Azul,REGALOS PERSONALIZADOS,Textil,149.0,372.5,0,True,https://disershop.com.uy/vestimenta/deporte/vestimenta-futbol/merchandising-fútbol/gorro-740-uruguay-azul
1158,Gorro 740 Uruguay Negro,Gorro 740 Uruguay Negro,REGALOS PERSONALIZADOS,Textil,149.0,372.5,0,True,https://disershop.com.uy/vestimenta/deporte/vestimenta-futbol/merchandising-fútbol/gorro-740-uruguay-negro
1159,Gorro Arlequin Uruguay (GP-ARL-UY),Gorro Arlequin Uruguay (GP-ARL-UY),REGALOS PERSONALIZADOS,Textil,159.0,397.5,0,True,https://disershop.com.uy/vestimenta/deporte/vestimenta-futbol/uruguay-todo/gorro-arlequin-uruguay
1160,Gorro Canchero Lavado Azul Marino,Gorro Canchero Lavado Azul Marino,REGALOS PERSONALIZADOS,Textil,149.0,372.5,1,True,https://disershop.com.uy/productos/vestimenta/p-vestimenta-gorros/gorro-canchero-lavado-azul-marino-1
1161,Gorro Canchero Lavado Beige,Gorro Canchero Lavado Beige,REGALOS PERSONALIZADOS,Textil,149.0,372.5,1,True,https://disershop.com.uy/productos/vestimenta/p-vestimenta-gorros/gorro-canchero-lavado-beige
1162,Gorro Canchero Lavado Negro,Gorro Canchero Lavado Negro,REGALOS PERSONALIZADOS,Textil,149.0,372.5,0,True,https://disershop.com.uy/productos/vestimenta/p-vestimenta-gorros/gorro-canchero-lavado-negro
1163,Gorro Canchero Lavado Verde,Gorro Canchero Lavado Verde,REGALOS PERSONALIZADOS,Textil,149.0,372.5,1,True,https://disershop.com.uy/productos/vestimenta/p-vestimenta-gorros/gorro-canchero-lavado-verde
1164,Gorro Canchero Liso Amarillo,Gorro Canchero Liso Amarillo,REGALOS PERSONALIZADOS,Textil,109.0,272.5,0,True,https://disershop.com.uy/productos/vestimenta/p-vestimenta-gorros/gorro-canchero-liso-amarillo
1165,Gorro Canchero Liso Azul Francia (GP-727-11),Gorro Canchero Liso Azul Francia (GP-727-11),REGALOS PERSONALIZADOS,Textil,109.0,272.5,1,True,https://disershop.com.uy/productos/vestimenta/p-vestimenta-gorros/gorro-canchero-liso-azul-francia-1
1166,Gorro Canchero Liso Beige,Gorro Canchero Liso Beige,REGALOS PERSONALIZADOS,Textil,109.0,272.5,1,True,https://disershop.com.uy/productos/vestimenta/p-vestimenta-gorros/gorro-canchero-liso-beige
1167,Gorro Canchero Liso Blanco,Gorro Canchero Liso Blanco,REGALOS PERSONALIZADOS,Textil,109.0,272.5,1,True,https://disershop.com.uy/productos/vestimenta/p-vestimenta-gorros/gorro-canchero-liso-blanco
1168,Gorro Canchero Liso Negro (GP-727-02),Gorro Canchero Liso Negro (GP-727-02),REGALOS PERSONALIZADOS,Textil,109.0,272.5,0,True,https://disershop.com.uy/productos/vestimenta/p-vestimenta-gorros/gorro-canchero-liso-negro
1169,Gorro Canchero Liso Rojo,Gorro Canchero Liso Rojo,REGALOS PERSONALIZADOS,Textil,109.0,272.5,0,True,https://disershop.com.uy/productos/vestimenta/p-vestimenta-gorros/gorro-canchero-liso-rojo
1170,Gorro Canchero Liso Verde,Gorro Canchero Liso Verde,REGALOS PERSONALIZADOS,Textil,109.0,272.5,1,True,https://disershop.com.uy/productos/vestimenta/p-vestimenta-gorros/gorro-canchero-liso-verde
1171,Gorro Casquito DSR76 Beige,Gorro Casquito DSR76 Beige,REGALOS PERSONALIZADOS,Textil,89.0,222.5,0,True,https://disershop.com.uy/productos/vestimenta/p-vestimenta-gorros/gorro-casquito-dsr76-beige
1172,Gorro Chef AE Blanco,Gorro Chef AE Blanco,REGALOS PERSONALIZADOS,Textil,239.0,597.5,0,True,https://disershop.com.uy/cibermayorista-en-disershop/monitores-y-accesorios/gorro-chef-ae-blanco
1173,Gorro Chef AE Negro,Gorro Chef AE Negro,REGALOS PERSONALIZADOS,Textil,239.0,597.5,0,True,https://disershop.com.uy/vestimenta/ropa-de-trabajo/gorro-chef-ae-negro
2397,Gorro Elite 0012 Azul,Gorro Elite 0012 Azul,REGALOS PERSONALIZADOS,Textil,,,0,False,https://disershop.com.uy/productos/vestimenta/p-vestimenta-gorros/gorro-elite-0012-azul
2398,Gorro Elite 0012 Blanco,Gorro Elite 0012 Blanco,REGALOS PERSONALIZADOS,Textil,,,0,False,https://disershop.com.uy/productos/vestimenta/p-vestimenta-gorros/gorro-elite-0012-blanco
2399,Gorro Elite 0012 Negro,Gorro Elite 0012 Negro,REGALOS PERSONALIZADOS,Textil,,,0,False,https://disershop.com.uy/productos/vestimenta/p-vestimenta-gorros/gorro-elite-0012-negro
2400,Gorro Elite 0012 Verde,Gorro Elite 0012 Verde,REGALOS PERSONALIZADOS,Textil,,,0,False,https://disershop.com.uy/productos/vestimenta/p-vestimenta-gorros/gorro-elite-0012-verde
1174,Gorro Lana Casquito AZUL,Gorro Lana Casquito AZUL,REGALOS PERSONALIZADOS,Textil,89.0,222.5,0,True,https://disershop.com.uy/productos/vestimenta/p-vestimenta-gorros/gorro-casquito-dsr76-azul
1175,Gorro Lana Casquito AZUL FRANCIA,Gorro Lana Casquito AZUL FRANCIA,REGALOS PERSONALIZADOS,Textil,89.0,222.5,0,True,https://disershop.com.uy/productos/vestimenta/p-vestimenta-gorros/gorro-casquito-dsr76-azul-francia
1176,Gorro Lana Casquito GRIS,Gorro Lana Casquito GRIS,REGALOS PERSONALIZADOS,Textil,89.0,222.5,0,True,https://disershop.com.uy/productos/vestimenta/p-vestimenta-gorros/gorro-casquito-dsr76-gris
1177,Gorro Lana Casquito NEGRO,Gorro Lana Casquito NEGRO,REGALOS PERSONALIZADOS,Textil,89.0,222.5,0,True,https://disershop.com.uy/productos/vestimenta/p-vestimenta-gorros/gorro-casquito-dsr76-negro
1178,Gorro Lana Casquito ROJO,Gorro Lana Casquito ROJO,REGALOS PERSONALIZADOS,Textil,89.0,222.5,0,True,https://disershop.com.uy/productos/vestimenta/p-vestimenta-gorros/gorro-casquito-dsr76-rojo
1179,Gorro Lana Casquito VERDE MILITAR,Gorro Lana Casquito VERDE MILITAR,REGALOS PERSONALIZADOS,Textil,89.0,222.5,0,True,https://disershop.com.uy/productos/vestimenta/p-vestimenta-gorros/gorro-casquito-dsr76-verde-militar
2401,Gorro Legionario,Gorro Legionario,REGALOS PERSONALIZADOS,Textil,,,0,False,https://disershop.com.uy/productos/vestimenta/p-vestimenta-gorros?product_id=19070
1180,Gorro Niño Trucker 5011 Blanco (GPN-5011-01),Gorro Niño Trucker 5011 Blanco (GPN-5011-01),REGALOS PERSONALIZADOS,Textil,99.0,247.5,1,True,https://disershop.com.uy/emprendedores/sublimables/textiles/gorro-niño-trucker-5011-blanco
1181,Gorro Niño Trucker 5011 Francia / Blanco,Gorro Niño Trucker 5011 Francia / Blanco,REGALOS PERSONALIZADOS,Textil,99.0,247.5,1,True,https://disershop.com.uy/productos/vestimenta/p-vestimenta-gorros/gorro-niu00f1o-trucker-5011-francia-blanco
1182,Gorro Niño Trucker 5011 Francia / Francia,Gorro Niño Trucker 5011 Francia / Francia,REGALOS PERSONALIZADOS,Textil,99.0,247.5,0,True,https://disershop.com.uy/emprendedores/sublimables/textiles/gorro-niño-trucker-5011-francia-francia
1183,Gorro Niño Trucker 5011 Fucsia (GPN-5011-21),Gorro Niño Trucker 5011 Fucsia (GPN-5011-21),REGALOS PERSONALIZADOS,Textil,99.0,247.5,0,True,https://disershop.com.uy/emprendedores/sublimables/textiles/gorro-niño-trucker-5011-fucsia
1184,Gorro Niño Trucker 5011 Fucsia / Fucsia,Gorro Niño Trucker 5011 Fucsia / Fucsia,REGALOS PERSONALIZADOS,Textil,99.0,247.5,0,True,https://disershop.com.uy/productos/sublimación/textiles/gorro-niño-trucker-5011-fucsia-fucsia
1185,Gorro Niño Trucker 5011 Negro / Amarillo,Gorro Niño Trucker 5011 Negro / Amarillo,REGALOS PERSONALIZADOS,Textil,99.0,247.5,1,True,https://disershop.com.uy/emprendedores/sublimables/textiles/gorro-niño-trucker-5011-negro-amarillo
1186,Gorro Panchero Amarillo,Gorro Panchero Amarillo,REGALOS PERSONALIZADOS,Textil,59.0,147.5,0,True,https://disershop.com.uy/productos/vestimenta/p-vestimenta-gorros/gorro-panchero-amarillo-1
1187,Gorro Panchero Azul Francia,Gorro Panchero Azul Francia,REGALOS PERSONALIZADOS,Textil,59.0,147.5,1,True,https://disershop.com.uy/productos/vestimenta/p-vestimenta-gorros/gorro-panchero-azul-francia
1188,Gorro Panchero Blanco,Gorro Panchero Blanco,REGALOS PERSONALIZADOS,Textil,59.0,147.5,1,True,https://disershop.com.uy/productos/vestimenta/p-vestimenta-gorros/gorro-panchero-blanco
1189,Gorro Panchero Negro,Gorro Panchero Negro,REGALOS PERSONALIZADOS,Textil,59.0,147.5,0,True,https://disershop.com.uy/productos/vestimenta/p-vestimenta-gorros/gorro-panchero-negro
1190,Gorro Panchero Rojo,Gorro Panchero Rojo,REGALOS PERSONALIZADOS,Textil,59.0,147.5,1,True,https://disershop.com.uy/productos/vestimenta/p-vestimenta-gorros/gorro-panchero-rojo
1191,Gorro Premium 5002 Azul Francia,Gorro Premium 5002 Azul Francia,REGALOS PERSONALIZADOS,Textil,199.0,497.5,0,True,https://disershop.com.uy/productos/vestimenta/p-vestimenta-gorros/gorro-premium-5002-azul-francia
1192,Gorro Premium 5002 Azul Marino (GP-5002-04),Gorro Premium 5002 Azul Marino (GP-5002-04),REGALOS PERSONALIZADOS,Textil,199.0,497.5,0,True,https://disershop.com.uy/productos/vestimenta/p-vestimenta-gorros/gorro-premium-5002-azul-marino-1
1193,Gorro Premium 5002 Beige (GP-5002-24),Gorro Premium 5002 Beige (GP-5002-24),REGALOS PERSONALIZADOS,Textil,199.0,497.5,0,True,https://disershop.com.uy/productos/vestimenta/p-vestimenta-gorros/gorro-premium-5002-beige
1194,Gorro Premium 5002 Blanco (GP-5002-01),Gorro Premium 5002 Blanco (GP-5002-01),REGALOS PERSONALIZADOS,Textil,199.0,497.5,0,True,https://disershop.com.uy/productos/vestimenta/p-vestimenta-gorros/gorro-premium-5002-blanco
1195,Gorro Premium 5002 Bordeaux (GP-5002-09),Gorro Premium 5002 Bordeaux (GP-5002-09),REGALOS PERSONALIZADOS,Textil,199.0,497.5,1,True,https://disershop.com.uy/productos/vestimenta/p-vestimenta-gorros/gorro-premium-5002-bordeaux
1196,Gorro Premium 5002 Gris (GP-5002-05),Gorro Premium 5002 Gris (GP-5002-05),REGALOS PERSONALIZADOS,Textil,199.0,497.5,0,True,https://disershop.com.uy/productos/vestimenta/p-vestimenta-gorros/gorro-premium-5002-gris
1197,Gorro Premium 5002 Negro (GP-5002-02),Gorro Premium 5002 Negro (GP-5002-02),REGALOS PERSONALIZADOS,Textil,199.0,497.5,0,True,https://disershop.com.uy/productos/vestimenta/p-vestimenta-gorros/gorro-premium-5002-negro
1198,Gorro Premium 5002 Rojo (GP-5002-03),Gorro Premium 5002 Rojo (GP-5002-03),REGALOS PERSONALIZADOS,Textil,199.0,497.5,1,True,https://disershop.com.uy/productos/vestimenta/p-vestimenta-gorros/gorro-premium-5002-rojo
1199,Gorro Premium 5002 Verde Ingles (GP-5002-08),Gorro Premium 5002 Verde Ingles (GP-5002-08),REGALOS PERSONALIZADOS,Textil,199.0,497.5,0,True,https://disershop.com.uy/productos/vestimenta/p-vestimenta-gorros/gorro-premium-5002-verde-ingles
1200,Gorro Premium 5002 Verde Militar,Gorro Premium 5002 Verde Militar,REGALOS PERSONALIZADOS,Textil,199.0,497.5,0,True,https://disershop.com.uy/productos/vestimenta/p-vestimenta-gorros/gorro-premium-5002-verde-militar
1201,Gorro Running 25 Azul Marino,Gorro Running 25 Azul Marino,REGALOS PERSONALIZADOS,Textil,149.0,372.5,1,True,https://disershop.com.uy/productos/vestimenta/p-vestimenta-gorros/gorro-running-25-azul-marino-1
1202,Gorro Running 25 Beige,Gorro Running 25 Beige,REGALOS PERSONALIZADOS,Textil,149.0,372.5,1,True,https://disershop.com.uy/productos/vestimenta/p-vestimenta-gorros/gorro-running-25-beige
1203,Gorro Running 25 Blanco,Gorro Running 25 Blanco,REGALOS PERSONALIZADOS,Textil,149.0,372.5,1,True,https://disershop.com.uy/productos/vestimenta/p-vestimenta-gorros/gorro-running-25-blanco
2402,Gorro Running 25 Gris,Gorro Running 25 Gris,REGALOS PERSONALIZADOS,Textil,,,0,False,https://disershop.com.uy/productos/vestimenta/p-vestimenta-gorros/gorro-running-25-gris
1204,Gorro Running 25 Negro,Gorro Running 25 Negro,REGALOS PERSONALIZADOS,Textil,149.0,372.5,1,True,https://disershop.com.uy/productos/vestimenta/p-vestimenta-gorros/gorro-running-25-negro
1205,Gorro Running 25 Rosado,Gorro Running 25 Rosado,REGALOS PERSONALIZADOS,Textil,149.0,372.5,1,True,https://disershop.com.uy/productos/vestimenta/p-vestimenta-gorros/gorro-running-25-rosado
2403,Gorro Speedway,Gorro Speedway,REGALOS PERSONALIZADOS,Textil,,,0,False,https://disershop.com.uy/index.php?route=product/product&product_id=20533
2404,Gorro Speedway Peu00f1arol 06,Gorro Speedway Peñarol 06,REGALOS PERSONALIZADOS,Textil,,,0,False,https://disershop.com.uy/index.php?route=product/product&product_id=19582
2405,Gorro Sublimable 5004 Azul Real/Blanco (GP-5004-1101),Gorro Sublimable 5004 Azul Real/Blanco (GP-5004-1101),REGALOS PERSONALIZADOS,Textil,,,0,False,https://disershop.com.uy/emprendedores/sublimables/textiles/gorro-sublimable-5004-azul-real-blanco-1
1206,Gorro Trucker 5003 Amarillo Fluo,Gorro Trucker 5003 Amarillo Fluo,REGALOS PERSONALIZADOS,Textil,99.0,247.5,1,True,https://disershop.com.uy/productos/vestimenta/p-vestimenta-gorros/gorro-trucker-5003-amarillo-fluo
1207,Gorro Trucker 5003 Amarillo/Negro (GP-5003-0702),Gorro Trucker 5003 Amarillo/Negro (GP-5003-0702),REGALOS PERSONALIZADOS,Textil,99.0,247.5,1,True,https://disershop.com.uy/productos/vestimenta/p-vestimenta-gorros/gorro-trucker-5003-amarillo-negro-1
1208,Gorro Trucker 5003 Bco/Azul (GP-5003-04),Gorro Trucker 5003 Bco/Azul (GP-5003-04),REGALOS PERSONALIZADOS,Textil,99.0,247.5,1,True,https://disershop.com.uy/productos/vestimenta/p-vestimenta-gorros/gorro-trucker-5003-bco-azul
1209,Gorro Trucker 5003 Bco/Blanco (GP-5003-01),Gorro Trucker 5003 Bco/Blanco (GP-5003-01),REGALOS PERSONALIZADOS,Textil,99.0,247.5,1,True,https://disershop.com.uy/productos/vestimenta/p-vestimenta-gorros/gorro-trucker-5003-bco-blanco
1210,Gorro Trucker 5003 Bco/Celeste (GP-5003-18),Gorro Trucker 5003 Bco/Celeste (GP-5003-18),REGALOS PERSONALIZADOS,Textil,99.0,247.5,1,True,https://disershop.com.uy/productos/vestimenta/p-vestimenta-gorros/gorro-trucker-5003-bco-celeste
1211,Gorro Trucker 5003 Bco/Francia (GP-5003-11),Gorro Trucker 5003 Bco/Francia (GP-5003-11),REGALOS PERSONALIZADOS,Textil,99.0,247.5,1,True,https://disershop.com.uy/productos/vestimenta/p-vestimenta-gorros/gorro-trucker-5003-bco-francia
1212,Gorro Trucker 5003 Bco/Fucsia (GP-5003-21),Gorro Trucker 5003 Bco/Fucsia (GP-5003-21),REGALOS PERSONALIZADOS,Textil,99.0,247.5,1,True,https://disershop.com.uy/productos/vestimenta/p-vestimenta-gorros/gorro-trucker-5003-bco-fucsia
1213,Gorro Trucker 5003 Bco/Negro (GP-5003-02),Gorro Trucker 5003 Bco/Negro (GP-5003-02),REGALOS PERSONALIZADOS,Textil,99.0,247.5,1,True,https://disershop.com.uy/productos/vestimenta/p-vestimenta-gorros/gorro-trucker-5003-bco-negro
1214,Gorro Trucker 5003 Bco/Rojo (GP-5003-03),Gorro Trucker 5003 Bco/Rojo (GP-5003-03),REGALOS PERSONALIZADOS,Textil,99.0,247.5,1,True,https://disershop.com.uy/productos/vestimenta/p-vestimenta-gorros/gorro-trucker-5003-bco-rojo
1215,Gorro Trucker 5003 Bco/Rosado,Gorro Trucker 5003 Bco/Rosado,REGALOS PERSONALIZADOS,Textil,99.0,247.5,1,True,https://disershop.com.uy/productos/vestimenta/p-vestimenta-gorros/gorro-trucker-5003-bco-rosado
1216,Gorro Trucker 5003 Bco/Verde (GP-5003-08),Gorro Trucker 5003 Bco/Verde (GP-5003-08),REGALOS PERSONALIZADOS,Textil,99.0,247.5,1,True,https://disershop.com.uy/productos/vestimenta/p-vestimenta-gorros/gorro-trucker-5003-bco-verde
1217,Gorro Trucker 5003 Bco/Violeta (GP-5003-16),Gorro Trucker 5003 Bco/Violeta (GP-5003-16),REGALOS PERSONALIZADOS,Textil,99.0,247.5,1,True,https://disershop.com.uy/productos/vestimenta/p-vestimenta-gorros/gorro-trucker-5003-bco-violeta
1218,Gorro Trucker 5003 Blanco/Bordeaux,Gorro Trucker 5003 Blanco/Bordeaux,REGALOS PERSONALIZADOS,Textil,99.0,247.5,1,True,https://disershop.com.uy/productos/vestimenta/p-vestimenta-gorros/gorro-trucker-5003-bco-bordeaux
1219,Gorro Trucker 5003 Francia/Francia,Gorro Trucker 5003 Francia/Francia,REGALOS PERSONALIZADOS,Textil,99.0,247.5,1,True,https://disershop.com.uy/productos/vestimenta/p-vestimenta-gorros/gorro-trucker-5003-francia-francia
1220,Gorro Trucker 5003 Frente (GP-5003-010311),Gorro Trucker 5003 Frente (GP-5003-010311),REGALOS PERSONALIZADOS,Textil,99.0,247.5,1,True,https://disershop.com.uy/productos/vestimenta/p-vestimenta-gorros/gorro-trucker-5003-frente
1221,Gorro Trucker 5003 Gris/Neg,Gorro Trucker 5003 Gris/Neg,REGALOS PERSONALIZADOS,Textil,99.0,247.5,1,True,https://disershop.com.uy/productos/vestimenta/p-vestimenta-gorros/gorro-trucker-5003-gris-neg
1222,Gorro Trucker 5003 Naranja Fluo,Gorro Trucker 5003 Naranja Fluo,REGALOS PERSONALIZADOS,Textil,99.0,247.5,1,True,https://disershop.com.uy/productos/vestimenta/p-vestimenta-gorros/gorro-trucker-5003-naranja-fluo
1223,Gorro Trucker 5003 Neg/Neg,Gorro Trucker 5003 Neg/Neg,REGALOS PERSONALIZADOS,Textil,99.0,247.5,1,True,https://disershop.com.uy/productos/vestimenta/p-vestimenta-gorros/gorro-trucker-5003-neg-neg-1
1224,Gorro Trucker 5003 Rosado Fluo,Gorro Trucker 5003 Rosado Fluo,REGALOS PERSONALIZADOS,Textil,99.0,247.5,1,True,https://disershop.com.uy/productos/vestimenta/p-vestimenta-gorros/gorro-trucker-5003-rosado-fluo
1225,Gorro Trucker 5003 Ver/Ver,Gorro Trucker 5003 Ver/Ver,REGALOS PERSONALIZADOS,Textil,99.0,247.5,1,True,https://disershop.com.uy/productos/vestimenta/p-vestimenta-gorros/gorro-trucker-5003-ver-ver
1226,Gorro Trucker 5005 Amarillo (GP-5005-07),Gorro Trucker 5005 Amarillo (GP-5005-07),REGALOS PERSONALIZADOS,Textil,55.0,137.5,0,True,https://disershop.com.uy/productos/vestimenta/p-vestimenta-gorros/gorro-trucker-5005-amarillo-1
2406,Gorro lana bordado uruguay,Gorro lana bordado uruguay,REGALOS PERSONALIZADOS,Textil,,,0,False,https://disershop.com.uy/estampados/turismo/gorros-turismo?product_id=21297
2407,Gorro lana carbonero,Gorro lana carbonero,REGALOS PERSONALIZADOS,Textil,,,0,False,https://disershop.com.uy/estampados/turismo/gorros-turismo?product_id=20326
1227,Gorro lana marinero,Gorro lana marinero,REGALOS PERSONALIZADOS,Textil,129.0,322.5,1,True,https://disershop.com.uy/productos/vestimenta/p-vestimenta-gorros/gorro-lana-marinero
1228,Gorro niño trucker 5011 negro / blanco,Gorro niño trucker 5011 negro / blanco,REGALOS PERSONALIZADOS,Textil,99.0,247.5,1,True,https://disershop.com.uy/emprendedores/sublimables/textiles/gorro-niño-trucker-5011-negro-blanco
1229,Gorro niño trucker 5011 rojo / blanco,Gorro niño trucker 5011 rojo / blanco,REGALOS PERSONALIZADOS,Textil,99.0,247.5,1,True,https://disershop.com.uy/emprendedores/sublimables/textiles/gorro-niño-trucker-5011-rojo-blanco
2408,Gorro tejido bordado nacional,Gorro tejido bordado nacional,REGALOS PERSONALIZADOS,Textil,,,0,False,https://disershop.com.uy/index.php?route=product/product&product_id=20603
2409,Gorro visera nacional parche,Gorro visera nacional parche,REGALOS PERSONALIZADOS,Textil,,,0,False,https://disershop.com.uy/index.php?route=product/product&product_id=20816
2415,Individual toalla 25*45 nacional,Individual toalla 25*45 nacional,REGALOS PERSONALIZADOS,Textil,,,0,False,https://disershop.com.uy/index.php?route=product/product&product_id=20612
1458,Musculosa 100% Dry Azul Marino,Musculosa 100% Dry Azul Marino,REGALOS PERSONALIZADOS,Textil,139.0,347.5,1,True,https://disershop.com.uy/productos/vestimenta/camisetas-dry/drycool/musculosa-100-dry-azul-marino
1459,Musculosa 100% Dry Blanco,Musculosa 100% Dry Blanco,REGALOS PERSONALIZADOS,Textil,139.0,347.5,1,True,https://disershop.com.uy/productos/vestimenta/camisetas-dry/drycool/musculosa-100-dry-blanco
1460,Musculosa 100% Dry Gris Topo,Musculosa 100% Dry Gris Topo,REGALOS PERSONALIZADOS,Textil,139.0,347.5,1,True,https://disershop.com.uy/productos/vestimenta/camisetas-dry/drycool/musculosa-100-dry-gris-topo
1461,Musculosa 100% Dry Negro,Musculosa 100% Dry Negro,REGALOS PERSONALIZADOS,Textil,139.0,347.5,1,True,https://disershop.com.uy/productos/vestimenta/camisetas-dry/drycool/musculosa-100-dry-negro
2542,Musculosa Dama Subliprint Blanca (CI-SUPTMUS-01),Musculosa Dama Subliprint Blanca (CI-SUPTMUS-01),REGALOS PERSONALIZADOS,Textil,,,0,False,https://disershop.com.uy/productos/sublimación/textiles/mujeres/musculosa-dama-subliprint-blanco
2543,Musculosa Elite 5441 Azul Marino,Musculosa Elite 5441 Azul Marino,REGALOS PERSONALIZADOS,Textil,,,0,False,https://disershop.com.uy/elite-productos/elite-fit/musculosas-y-tops-elite/musculosa-elite-5441-azul-marino
2544,Musculosa Elite 5441 Negro,Musculosa Elite 5441 Negro,REGALOS PERSONALIZADOS,Textil,,,0,False,https://disershop.com.uy/elite-productos/elite-fit/musculosas-y-tops-elite/musculosa-elite-5441-negro
2545,Musculosa Elite 9602 Azul Francia,Musculosa Elite 9602 Azul Francia,REGALOS PERSONALIZADOS,Textil,,,0,False,https://disershop.com.uy/elite-productos/elite-fit/musculosas-y-tops-elite/musculosa-elite-9602-azul-francia
2546,Musculosa Elite 9602 Blanco,Musculosa Elite 9602 Blanco,REGALOS PERSONALIZADOS,Textil,,,0,False,https://disershop.com.uy/elite-productos/elite-fit/musculosas-y-tops-elite/musculosa-elite-9602-blanco
2547,Musculosa Elite 9602 Negro,Musculosa Elite 9602 Negro,REGALOS PERSONALIZADOS,Textil,,,0,False,https://disershop.com.uy/elite-productos/elite-fit/musculosas-y-tops-elite/musculosa-elite-9602-negro
2548,Musculosa Elite 9602 Violeta,Musculosa Elite 9602 Violeta,REGALOS PERSONALIZADOS,Textil,,,0,False,https://disershop.com.uy/elite-productos/elite-fit/musculosas-y-tops-elite/musculosa-elite-9602-violeta
2549,Musculosa Elite 9903 Azul,Musculosa Elite 9903 Azul,REGALOS PERSONALIZADOS,Textil,,,0,False,https://disershop.com.uy/elite-productos/elite-fit/musculosas-y-tops-elite/musculosa-elite-9903-azul
2550,Musculosa Elite 9903 Fucsia,Musculosa Elite 9903 Fucsia,REGALOS PERSONALIZADOS,Textil,,,0,False,https://disershop.com.uy/elite-productos/elite-fit/musculosas-y-tops-elite/musculosa-elite-9903-fucsia
2551,Musculosa Elite 9903 Negro,Musculosa Elite 9903 Negro,REGALOS PERSONALIZADOS,Textil,,,0,False,https://disershop.com.uy/elite-productos/elite-fit/musculosas-y-tops-elite/musculosa-elite-9903-negro
2552,Musculosa Yo visitu00e9 Colonia rosada,Musculosa Yo visité Colonia rosada,REGALOS PERSONALIZADOS,Textil,,,0,False,https://disershop.com.uy/index.php?route=product/product&product_id=20450
2553,Musculosa dama Subliprint Menta,Musculosa dama Subliprint Menta,REGALOS PERSONALIZADOS,Textil,,,0,False,https://disershop.com.uy/index.php?route=product/product&product_id=20400
1462,Musculosa dama rib beige,Musculosa dama rib beige,REGALOS PERSONALIZADOS,Textil,279.0,697.5,1,True,https://disershop.com.uy/productos/vestimenta/camisetas/musculosa-dama-rib-beige-1
1463,Musculosa dama rib blanco,Musculosa dama rib blanco,REGALOS PERSONALIZADOS,Textil,279.0,697.5,1,True,https://disershop.com.uy/productos/vestimenta/camisetas/musculosa-dama-rib-blanco
1464,Musculosa dama rib gris topo,Musculosa dama rib gris topo,REGALOS PERSONALIZADOS,Textil,279.0,697.5,1,True,https://disershop.com.uy/productos/vestimenta/camisetas/musculosa-dama-rib-gris-topo
1465,Musculosa dama rib negro,Musculosa dama rib negro,REGALOS PERSONALIZADOS,Textil,279.0,697.5,0,True,https://disershop.com.uy/productos/vestimenta/camisetas/musculosa-dama-rib-negro
1466,Musculosa dama rib terracota,Musculosa dama rib terracota,REGALOS PERSONALIZADOS,Textil,279.0,697.5,1,True,https://disershop.com.uy/productos/vestimenta/camisetas/musculosa-dama-rib-terracota
2629,Remera Believe in yourself,Remera Believe in yourself,REGALOS PERSONALIZADOS,Textil,,,0,False,https://disershop.com.uy/index.php?route=product/product&product_id=20523
1637,Remera Bella Dama Azul Marino (CI-DPOLOBE-04),Remera Bella Dama Azul Marino (CI-DPOLOBE-04),REGALOS PERSONALIZADOS,Textil,399.0,997.5,1,True,https://disershop.com.uy/productos/vestimenta/camisetas/línea-femenina/remera-bella-dama-azul-marino
1638,Remera Bella Dama Blanca (CI-DPOLOBE-01),Remera Bella Dama Blanca (CI-DPOLOBE-01),REGALOS PERSONALIZADOS,Textil,399.0,997.5,1,True,https://disershop.com.uy/productos/vestimenta/camisetas/línea-femenina/remera-bella-dama-blanco
1639,Remera Bella Dama Gris melange,Remera Bella Dama Gris melange,REGALOS PERSONALIZADOS,Textil,399.0,997.5,1,True,https://disershop.com.uy/productos/vestimenta/camisetas/línea-femenina/remera-bella-dama-gris-melange
1640,Remera Bella Dama Negra (CI-DPOLOBE-02),Remera Bella Dama Negra (CI-DPOLOBE-02),REGALOS PERSONALIZADOS,Textil,399.0,997.5,1,True,https://disershop.com.uy/productos/vestimenta/camisetas/línea-femenina/remera-bella-dama-negro
1641,Remera Bella Dama Roja (CI-DPOLOBE-03),Remera Bella Dama Roja (CI-DPOLOBE-03),REGALOS PERSONALIZADOS,Textil,399.0,997.5,1,True,https://disershop.com.uy/productos/vestimenta/camisetas/línea-femenina/remera-bella-dama-rojo
2632,Remera kids Nacional Escudo Oficial,Remera kids Nacional Escudo Oficial,REGALOS PERSONALIZADOS,Textil,,,0,False,https://disershop.com.uy/index.php?route=product/product&product_id=19581
2633,Remera kids Peu00f1arol Oficial,Remera kids Peñarol Oficial,REGALOS PERSONALIZADOS,Textil,,,0,False,https://disershop.com.uy/index.php?route=product/product&product_id=19580
1814,Sudadera Algodon Blanca (CI-SUDALG-01),Sudadera Algodon Blanca (CI-SUDALG-01),REGALOS PERSONALIZADOS,Textil,279.0,697.5,1,True,https://disershop.com.uy/vestimenta/hombre/camisetas/sudadera-algodon-blanco
1815,Sudadera Algodon Negra (CI-SUDALG-02),Sudadera Algodon Negra (CI-SUDALG-02),REGALOS PERSONALIZADOS,Textil,279.0,697.5,1,True,https://disershop.com.uy/vestimenta/hombre/camisetas/sudadera-algodon-negro
2717,Sudadera Elite 5480 Azul Marino,Sudadera Elite 5480 Azul Marino,REGALOS PERSONALIZADOS,Textil,,,0,False,https://disershop.com.uy/elite-productos/elite-fit/musculosas-y-tops-elite/sudadera-elite-5480-azul-marino
2718,Sudadera Elite 5480 Blanco,Sudadera Elite 5480 Blanco,REGALOS PERSONALIZADOS,Textil,,,0,False,https://disershop.com.uy/elite-productos/elite-fit/musculosas-y-tops-elite/sudadera-elite-5480-blanco
2719,Sudadera Elite 5480 Negro,Sudadera Elite 5480 Negro,REGALOS PERSONALIZADOS,Textil,,,0,False,https://disershop.com.uy/elite-productos/elite-fit/musculosas-y-tops-elite/sudadera-elite-5480-negro
2720,Sudadera Maraton Blanco / Blanco,Sudadera Maraton Blanco / Blanco,REGALOS PERSONALIZADOS,Textil,,,0,False,https://disershop.com.uy/productos/vestimenta/camisetas-dry?product_id=18914
2721,Sudadera Maraton Blanco / Francia,Sudadera Maraton Blanco / Francia,REGALOS PERSONALIZADOS,Textil,,,0,False,https://disershop.com.uy/productos/vestimenta/camisetas-dry?product_id=18917
2722,Sudadera Maraton Blanco / Negro,Sudadera Maraton Blanco / Negro,REGALOS PERSONALIZADOS,Textil,,,0,False,https://disershop.com.uy/productos/vestimenta/camisetas-dry?product_id=18915
2723,Sudadera Maraton Blanco / Rojo,Sudadera Maraton Blanco / Rojo,REGALOS PERSONALIZADOS,Textil,,,0,False,https://disershop.com.uy/productos/vestimenta/camisetas-dry?product_id=18916
2724,Sudadera Maraton Naranja Fluo / Negro,Sudadera Maraton Naranja Fluo / Negro,REGALOS PERSONALIZADOS,Textil,,,0,False,https://disershop.com.uy/productos/vestimenta/camisetas-dry?product_id=18919
2725,Sudadera Maraton Verde Fluo / Negro,Sudadera Maraton Verde Fluo / Negro,REGALOS PERSONALIZADOS,Textil,,,0,False,https://disershop.com.uy/productos/vestimenta/camisetas-dry?product_id=18918
2726,Sudadera drycool blanca,Sudadera drycool blanca,REGALOS PERSONALIZADOS,Textil,,,0,False,https://disershop.com.uy/index.php?route=product/product&product_id=20477
2727,Sudadera drycool negra,Sudadera drycool negra,REGALOS PERSONALIZADOS,Textil,,,0,False,https://disershop.com.uy/index.php?route=product/product&product_id=20478
1856,Toalla Burdeos Azul Francia,Toalla Burdeos Azul Francia,REGALOS PERSONALIZADOS,Textil,189.0,472.5,0,True,https://disershop.com.uy/oficina-y-hogar/toallas/toalla-burdeos-azul-francia
1857,Toalla Burdeos Fucsia,Toalla Burdeos Fucsia,REGALOS PERSONALIZADOS,Textil,189.0,472.5,1,True,https://disershop.com.uy/oficina-y-hogar/toallas/toalla-burdeos-fucsia
1858,Toalla Burdeos Naranja,Toalla Burdeos Naranja,REGALOS PERSONALIZADOS,Textil,189.0,472.5,1,True,https://disershop.com.uy/oficina-y-hogar/toallas/toalla-burdeos-naranja
1859,Toalla Burdeos Negro,Toalla Burdeos Negro,REGALOS PERSONALIZADOS,Textil,189.0,472.5,1,True,https://disershop.com.uy/oficina-y-hogar/toallas/toalla-burdeos-negro
1860,Toalla Burdeos Verde Manzana,Toalla Burdeos Verde Manzana,REGALOS PERSONALIZADOS,Textil,189.0,472.5,1,True,https://disershop.com.uy/oficina-y-hogar/toallas/toalla-burdeos-verde-manzana
1861,Toalla Cork Azul,Toalla Cork Azul,REGALOS PERSONALIZADOS,Textil,189.0,472.5,1,True,https://disershop.com.uy/oficina-y-hogar/toallas/toalla-cork-azul
1862,Toalla Cork Fucsia,Toalla Cork Fucsia,REGALOS PERSONALIZADOS,Textil,189.0,472.5,1,True,https://disershop.com.uy/oficina-y-hogar/toallas/toalla-cork-fucsia
1863,Toalla Cork Gris,Toalla Cork Gris,REGALOS PERSONALIZADOS,Textil,189.0,472.5,1,True,https://disershop.com.uy/oficina-y-hogar/toallas/toalla-cork-gris
1864,Toalla Cork Naranja,Toalla Cork Naranja,REGALOS PERSONALIZADOS,Textil,189.0,472.5,1,True,https://disershop.com.uy/oficina-y-hogar/toallas/toalla-cork-naranja
1865,Toalla Cork Negro,Toalla Cork Negro,REGALOS PERSONALIZADOS,Textil,189.0,472.5,0,True,https://disershop.com.uy/oficina-y-hogar/toallas/toalla-cork-negro
1866,Toalla Cork Rojo,Toalla Cork Rojo,REGALOS PERSONALIZADOS,Textil,189.0,472.5,1,True,https://disershop.com.uy/oficina-y-hogar/toallas/toalla-cork-rojo
1867,Toalla Cork Verde Manzana,Toalla Cork Verde Manzana,REGALOS PERSONALIZADOS,Textil,189.0,472.5,1,True,https://disershop.com.uy/oficina-y-hogar/toallas/toalla-cork-verde-manzana
1868,Toalla Orly Fucsia,Toalla Orly Fucsia,REGALOS PERSONALIZADOS,Textil,399.0,997.5,1,True,https://disershop.com.uy/oficina-y-hogar/toallas/toalla-orly-fucsia
1869,Toalla Orly Gris,Toalla Orly Gris,REGALOS PERSONALIZADOS,Textil,399.0,997.5,1,True,https://disershop.com.uy/oficina-y-hogar/toallas/toalla-orly-gris
1870,Toalla Refrescante 100X30Cm Azul Francia,Toalla Refrescante 100X30Cm Azul Francia,REGALOS PERSONALIZADOS,Textil,159.0,397.5,0,True,https://disershop.com.uy/diserhome-productos/verano-home/juegos-y-accesorios/toalla-refrescante-100x30cm-azul-francia-1
1871,Toalla Refrescante 100X30Cm Naranja,Toalla Refrescante 100X30Cm Naranja,REGALOS PERSONALIZADOS,Textil,159.0,397.5,0,True,https://disershop.com.uy/diserhome-productos/verano-home/juegos-y-accesorios/toalla-refrescante-100x30cm-naranja
1872,Toalla Refrescante 100X30Cm Negra,Toalla Refrescante 100X30Cm Negra,REGALOS PERSONALIZADOS,Textil,159.0,397.5,0,True,https://disershop.com.uy/diserhome-productos/verano-home/juegos-y-accesorios/toalla-refrescante-100x30cm-negra
1873,Toalla Refrescante 100X30Cm Verde,Toalla Refrescante 100X30Cm Verde,REGALOS PERSONALIZADOS,Textil,159.0,397.5,0,True,https://disershop.com.uy/diserhome-productos/verano-home/juegos-y-accesorios/toalla-refrescante-100x30cm-verde
1874,Top Dama Verano Blanco,Top Dama Verano Blanco,REGALOS PERSONALIZADOS,Textil,279.0,697.5,1,True,https://disershop.com.uy/vestimenta/mujer/tops-y-musculosas/top-dama-verano-blanco-1
1875,Top Dama Verano Gris Melange,Top Dama Verano Gris Melange,REGALOS PERSONALIZADOS,Textil,279.0,697.5,1,True,https://disershop.com.uy/vestimenta/mujer/tops-y-musculosas/top-dama-verano-gris-melange
1876,Top Dama Verano Negro,Top Dama Verano Negro,REGALOS PERSONALIZADOS,Textil,279.0,697.5,1,True,https://disershop.com.uy/vestimenta/mujer/tops-y-musculosas/top-dama-verano-negro
1877,Top Dama Verano Rosa Sepia,Top Dama Verano Rosa Sepia,REGALOS PERSONALIZADOS,Textil,279.0,697.5,1,True,https://disershop.com.uy/vestimenta/mujer/tops-y-musculosas/top-dama-verano-rosa-sepia
2758,Top Elite 9086 Azul Marino,Top Elite 9086 Azul Marino,REGALOS PERSONALIZADOS,Textil,,,0,False,https://disershop.com.uy/elite-productos/elite-fit/musculosas-y-tops-elite/top-elite-9086-azul-marino
2759,Top Elite 9086 Bordeaux,Top Elite 9086 Bordeaux,REGALOS PERSONALIZADOS,Textil,,,0,False,https://disershop.com.uy/elite-productos/elite-fit/musculosas-y-tops-elite/top-elite-9086-bordeaux
2760,Top Elite 9086 Negro,Top Elite 9086 Negro,REGALOS PERSONALIZADOS,Textil,,,0,False,https://disershop.com.uy/elite-productos/elite-fit/musculosas-y-tops-elite/top-elite-9086-negro
2761,Top Elite 9166 Azul Marino,Top Elite 9166 Azul Marino,REGALOS PERSONALIZADOS,Textil,,,0,False,https://disershop.com.uy/elite-productos/elite-fit/musculosas-y-tops-elite/top-elite-9166-azul-marino
2762,Top Elite 9166 Gris Topo,Top Elite 9166 Gris Topo,REGALOS PERSONALIZADOS,Textil,,,0,False,https://disershop.com.uy/elite-productos/elite-fit/musculosas-y-tops-elite/top-elite-9166-gris-topo
2763,Top Elite 9166 Negro,Top Elite 9166 Negro,REGALOS PERSONALIZADOS,Textil,,,0,False,https://disershop.com.uy/elite-productos/elite-fit/musculosas-y-tops-elite/top-elite-9166-negro
1878,Top Mujer Negro 5% Spandex (CI-TOP-02),Top Mujer Negro 5% Spandex (CI-TOP-02),REGALOS PERSONALIZADOS,Textil,279.0,697.5,1,True,https://disershop.com.uy/productos/vestimenta/camisetas/línea-femenina/top-mujer-negro-5-spandex-1
2764,Top apl I love  uruguay blanco,Top apl I love uruguay blanco,REGALOS PERSONALIZADOS,Textil,,,0,False,https://disershop.com.uy/index.php?route=product/product&product_id=20472
2765,Top apl for ever colonia bca,Top apl for ever colonia bca,REGALOS PERSONALIZADOS,Textil,,,0,False,https://disershop.com.uy/index.php?route=product/product&product_id=20470
2766,Top apl punta del este blanca,Top apl punta del este blanca,REGALOS PERSONALIZADOS,Textil,,,0,False,https://disershop.com.uy/index.php?route=product/product&product_id=20471
1879,Top dama Spandex 150gr Celeste,Top dama Spandex 150gr Celeste,REGALOS PERSONALIZADOS,Textil,99.0,247.5,1,True,https://disershop.com.uy/vestimenta/mujer/tops-y-musculosas/top-dama-spandex-150gr-celeste
1880,Top dama Spandex 150gr Verde,Top dama Spandex 150gr Verde,REGALOS PERSONALIZADOS,Textil,99.0,247.5,1,True,https://disershop.com.uy/vestimenta/mujer/tops-y-musculosas/top-dama-spandex-150gr-verde
545,Botella Esmerilada Tapa Bamboo y Sorbito 500ml Naranja,Botella Esmerilada Tapa Bamboo y Sorbito 500ml Naranja,REGALOS PERSONALIZADOS,Vasos y bebidas,159.0,397.5,1,True,https://disershop.com.uy/emprendedores/sublimables/jarros-emprendedores/botella-esmerilada-tapa-bamboo-y-sorbito-500ml-naranja-vaso
2418,Jarra Cervecera 16oz Esmerilada Neon Amarillo,Jarra Cervecera 16oz Esmerilada Neon Amarillo,REGALOS PERSONALIZADOS,Vasos y bebidas,,,0,False,https://disershop.com.uy/emprendedores/sublimables/jarros-emprendedores/jarra-cervecera-16oz-esmerilada-neon-amarillo
2419,Jarra Cervecera 16oz Esmerilada Neon Celeste,Jarra Cervecera 16oz Esmerilada Neon Celeste,REGALOS PERSONALIZADOS,Vasos y bebidas,,,0,False,https://disershop.com.uy/emprendedores/sublimables/jarros-emprendedores/jarra-cervecera-16oz-esmerilada-neon-celeste
2420,Jarra Cervecera 16oz Esmerilada Neon Rojo,Jarra Cervecera 16oz Esmerilada Neon Rojo,REGALOS PERSONALIZADOS,Vasos y bebidas,,,0,False,https://disershop.com.uy/emprendedores/sublimables/jarros-emprendedores/jarra-cervecera-16oz-esmerilada-neon-rojo
2421,Jarra Cervecera 16oz Esmerilada Neon Verde,Jarra Cervecera 16oz Esmerilada Neon Verde,REGALOS PERSONALIZADOS,Vasos y bebidas,,,0,False,https://disershop.com.uy/emprendedores/sublimables/jarros-emprendedores/jarra-cervecera-16oz-esmerilada-neon-verde
2422,Jarra Cervecera Chica 250Cc (SU-JACER02),Jarra Cervecera Chica 250Cc (SU-JACER02),REGALOS PERSONALIZADOS,Vasos y bebidas,,,0,False,https://disershop.com.uy/emprendedores/sublimables/jarros-emprendedores/jarra-cervecera-chica-250cc
1240,Jarra Cervecera Grande 500Cc (SU-JACER),Jarra Cervecera Grande 500Cc (SU-JACER),REGALOS PERSONALIZADOS,Vasos y bebidas,129.0,322.5,0,True,https://disershop.com.uy/emprendedores/sublimables/jarros-emprendedores/jarra-cervecera-grande-500cc
1241,Jarra cervecera 300cc,Jarra cervecera 300cc,REGALOS PERSONALIZADOS,Vasos y bebidas,99.0,247.5,0,True,https://disershop.com.uy/dia-del-padre/sublimación-día-del-padre/jarra-cervecera-300cc
1242,Jarra cervecera esmerilada 16oz x2,Jarra cervecera esmerilada 16oz x2,REGALOS PERSONALIZADOS,Vasos y bebidas,198.0,495.0,1,True,https://disershop.com.uy/emprendedores/sublimables/jarros-emprendedores/jarra-cervecera-esmerilada-16oz-x2
2615,Posavaso Sublimable 9.4x9.4cm 4 uni.,Posavaso Sublimable 9.4x9.4cm 4 uni.,REGALOS PERSONALIZADOS,Vasos y bebidas,,,1,False,https://disershop.com.uy/nuevos/posavaso-sublimable-9-4x9-4cm-4-uni
1625,Posavaso Sublimable Circular 10.3cm 4 uni.,Posavaso Sublimable Circular 10.3cm 4 uni.,REGALOS PERSONALIZADOS,Vasos y bebidas,149.0,372.5,1,True,https://disershop.com.uy/nuevos/posavaso-sublimable-circular-10-3cm-4-uni
1626,Posavaso Sublimable Irregular 11x11cm 4 uni.,Posavaso Sublimable Irregular 11x11cm 4 uni.,REGALOS PERSONALIZADOS,Vasos y bebidas,149.0,372.5,1,True,https://disershop.com.uy/sublimacion-todo?product_id=21892
1627,Posavaso circular p/laser - Azul/Plateado,Posavaso circular p/laser - Azul/Plateado,REGALOS PERSONALIZADOS,Vasos y bebidas,49.0,122.5,0,True,https://disershop.com.uy/sublimacion-todo/kit-cervecero/posavaso-circular-p-laser-azul-plateado-1
1628,Posavaso circular p/laser - Negro/Dorado,Posavaso circular p/laser - Negro/Dorado,REGALOS PERSONALIZADOS,Vasos y bebidas,49.0,122.5,0,True,https://disershop.com.uy/sublimacion-todo/kit-cervecero/posavaso-circular-p-laser-negro-dorado
1629,Posavaso circular p/laser - Rojo/Negro,Posavaso circular p/laser - Rojo/Negro,REGALOS PERSONALIZADOS,Vasos y bebidas,49.0,122.5,0,True,https://disershop.com.uy/sublimacion-todo/kit-cervecero/posavaso-circular-p-laser-rojo-negro
2616,Posavaso de corcho nacional,Posavaso de corcho nacional,REGALOS PERSONALIZADOS,Vasos y bebidas,,,0,False,https://disershop.com.uy/index.php?route=product/product&product_id=20607
1630,Posavasos 10X10 cm x6 (SU-PV10X10),Posavasos 10X10 cm x6 (SU-PV10X10),REGALOS PERSONALIZADOS,Vasos y bebidas,99.0,247.5,1,True,https://disershop.com.uy/emprendedores/sublimables/textiles/posavasos-6-unidades-10x10-cm
1631,Posavasos 6 unidades 10 cm Diámetro,Posavasos 6 unidades 10 cm Diámetro,REGALOS PERSONALIZADOS,Vasos y bebidas,49.0,122.5,0,True,https://disershop.com.uy/emprendedores/sublimables/textiles/posavasos-6-unidades-10-cm-diámetro
2658,Set 4 Posavasos con Soporte Diametro: 9.5cm Bamboo p/laser,Set 4 Posavasos con Soporte Diametro: 9.5cm Bamboo p/laser,REGALOS PERSONALIZADOS,Vasos y bebidas,,,0,False,https://disershop.com.uy/empresariales-promocionales/tablas-y-accesorios/set-4-posavasos-con-soporte-diametro-9-5cm-bamboo-p-laser
1689,Set 6 posavasos MDF sub. cuadrados 10x10cm,Set 6 posavasos MDF sub. cuadrados 10x10cm,REGALOS PERSONALIZADOS,Vasos y bebidas,199.0,497.5,0,True,https://disershop.com.uy/emprendedores/sublimables/mdf/set-6-posavasos-mdf-sub-cuadrados-10x10cm
1690,Set 6 posavasos MDF sub. redondos 10cm,Set 6 posavasos MDF sub. redondos 10cm,REGALOS PERSONALIZADOS,Vasos y bebidas,219.0,547.5,0,True,https://disershop.com.uy/emprendedores/sublimables/mdf/set-6-posavasos-mdf-sub-redondos-10cm
2662,Set termo jarra metal nacional,Set termo jarra metal nacional,REGALOS PERSONALIZADOS,Vasos y bebidas,,,0,False,https://disershop.com.uy/index.php?route=product/product&product_id=20611
2663,Set x12 Posavasos sublimables 9cm x 9cm,Set x12 Posavasos sublimables 9cm x 9cm,REGALOS PERSONALIZADOS,Vasos y bebidas,,,0,False,https://disershop.com.uy/sublimacion-todo?product_id=19110
1903,Vaso Acero Sub. 600ml Blanco,Vaso Acero Sub. 600ml Blanco,REGALOS PERSONALIZADOS,Vasos y bebidas,339.0,847.5,1,True,https://disershop.com.uy/emprendedores/sublimables/metálicos/vaso-acero-sub-600ml-blanco
1904,Vaso Acero Sub. 600ml Plata,Vaso Acero Sub. 600ml Plata,REGALOS PERSONALIZADOS,Vasos y bebidas,339.0,847.5,1,True,https://disershop.com.uy/emprendedores/sublimables/metálicos/vaso-acero-sub-600ml-plata
1905,Vaso Esmerilado Sublimable Tapa y sorbito 500ml Fucsia,Vaso Esmerilado Sublimable Tapa y sorbito 500ml Fucsia,REGALOS PERSONALIZADOS,Vasos y bebidas,159.0,397.5,1,True,https://disershop.com.uy/emprendedores/sublimables/jarros-emprendedores/vaso-botella-esmerilada-tapa-bamboo-y-sorbito-500ml-fucsia
2769,Vaso Flip Straw Tumbler Stanley 600ml Verde Limón,Vaso Flip Straw Tumbler Stanley 600ml Verde Limón,REGALOS PERSONALIZADOS,Vasos y bebidas,,,0,False,https://disershop.com.uy/diserhome-productos/diserhome-ocio/diserhome-stanley/vaso-flip-straw-tumbler-stanley-20oz-600ml-verde-limon
1906,Vaso Plastico 450ml con Sorbito Beige,Vaso Plastico 450ml con Sorbito Beige,REGALOS PERSONALIZADOS,Vasos y bebidas,219.0,547.5,1,True,https://disershop.com.uy/cibermayorista-en-disershop/30-off/vaso-plastico-450ml-con-sorbito-beige
1907,Vaso Plastico 450ml con Sorbito Celeste,Vaso Plastico 450ml con Sorbito Celeste,REGALOS PERSONALIZADOS,Vasos y bebidas,219.0,547.5,0,True,https://disershop.com.uy/cibermayorista-en-disershop/10-off/vaso-plastico-450ml-con-sorbito-celeste
1908,Vaso Plastico 450ml con Sorbito Negro,Vaso Plastico 450ml con Sorbito Negro,REGALOS PERSONALIZADOS,Vasos y bebidas,219.0,547.5,0,True,https://disershop.com.uy/emprendedores/vasos-todos/vaso-plastico-450ml-con-sorbito-negro
1909,Vaso Plastico 450ml con Sorbito Rosado,Vaso Plastico 450ml con Sorbito Rosado,REGALOS PERSONALIZADOS,Vasos y bebidas,219.0,547.5,0,True,https://disershop.com.uy/cibermayorista-en-disershop/10-off/vaso-plastico-450ml-con-sorbito-rosado
1910,Vaso Plastico 450ml con Sorbito Violeta,Vaso Plastico 450ml con Sorbito Violeta,REGALOS PERSONALIZADOS,Vasos y bebidas,219.0,547.5,1,True,https://disershop.com.uy/cibermayorista-en-disershop/30-off/vaso-plastico-450ml-con-sorbito-violeta
1911,Vaso Plastico 500ml con Sorbito Ama. / Ros.,Vaso Plastico 500ml con Sorbito Ama. / Ros.,REGALOS PERSONALIZADOS,Vasos y bebidas,179.0,447.5,1,True,https://disershop.com.uy/cibermayorista-en-disershop/30-off/vaso-plastico-500ml-con-sorbito-ama-ros
1912,Vaso Plastico 500ml con Sorbito Cel. / Ama.,Vaso Plastico 500ml con Sorbito Cel. / Ama.,REGALOS PERSONALIZADOS,Vasos y bebidas,179.0,447.5,1,True,https://disershop.com.uy/cibermayorista-en-disershop/30-off/vaso-plastico-500ml-con-sorbito-cel-ama
1913,Vaso Plastico 500ml con Sorbito Cel. / Vio.,Vaso Plastico 500ml con Sorbito Cel. / Vio.,REGALOS PERSONALIZADOS,Vasos y bebidas,179.0,447.5,1,True,https://disershop.com.uy/cibermayorista-en-disershop/30-off/vaso-plastico-500ml-con-sorbito-cel-vio
1914,Vaso Plastico 500ml con Sorbito Ros. / Nar.,Vaso Plastico 500ml con Sorbito Ros. / Nar.,REGALOS PERSONALIZADOS,Vasos y bebidas,179.0,447.5,1,True,https://disershop.com.uy/cibermayorista-en-disershop/30-off/vaso-plastico-500ml-con-sorbito-ros-nar
1915,Vaso Plastico 680ml con Sorbito Celeste,Vaso Plastico 680ml con Sorbito Celeste,REGALOS PERSONALIZADOS,Vasos y bebidas,239.0,597.5,1,True,https://disershop.com.uy/cibermayorista-en-disershop/30-off/vaso-plastico-680ml-con-sorbito-celeste
1916,Vaso Plastico 680ml con Sorbito Naranja,Vaso Plastico 680ml con Sorbito Naranja,REGALOS PERSONALIZADOS,Vasos y bebidas,239.0,597.5,1,True,https://disershop.com.uy/cibermayorista-en-disershop/30-off/vaso-plastico-680ml-con-sorbito-naranja
1917,Vaso Plastico 680ml con Sorbito Negro,Vaso Plastico 680ml con Sorbito Negro,REGALOS PERSONALIZADOS,Vasos y bebidas,239.0,597.5,1,True,https://disershop.com.uy/cibermayorista-en-disershop/30-off/vaso-plastico-680ml-con-sorbito-negro
1918,Vaso Plastico 680ml con Sorbito Rosado,Vaso Plastico 680ml con Sorbito Rosado,REGALOS PERSONALIZADOS,Vasos y bebidas,239.0,597.5,1,True,https://disershop.com.uy/cibermayorista-en-disershop/30-off/vaso-plastico-680ml-con-sorbito-rosado
1919,Vaso Plastico 680ml con Sorbito Turquesa,Vaso Plastico 680ml con Sorbito Turquesa,REGALOS PERSONALIZADOS,Vasos y bebidas,239.0,597.5,1,True,https://disershop.com.uy/cibermayorista-en-disershop/30-off/vaso-plastico-680ml-con-sorbito-turquesa
1920,Vaso Plastico 680ml con Sorbito Verde Claro,Vaso Plastico 680ml con Sorbito Verde Claro,REGALOS PERSONALIZADOS,Vasos y bebidas,239.0,597.5,1,True,https://disershop.com.uy/cibermayorista-en-disershop/30-off/vaso-plastico-680ml-con-sorbito-verde-claro
1921,Vaso Plastico 680ml con Sorbito Violeta,Vaso Plastico 680ml con Sorbito Violeta,REGALOS PERSONALIZADOS,Vasos y bebidas,239.0,597.5,1,True,https://disershop.com.uy/cibermayorista-en-disershop/30-off/vaso-plastico-680ml-con-sorbito-violeta
2770,Vaso Stanley Flip Straw Tumbler 600ml Azul,Vaso Stanley Flip Straw Tumbler 600ml Azul,REGALOS PERSONALIZADOS,Vasos y bebidas,,,0,False,https://disershop.com.uy/diserhome-productos/diserhome-ocio/diserhome-stanley/vaso-flip-straw-tumbler-20oz-600ml-azul-francia-1
2771,Vaso Stanley Trigger Mug 350ml Blanco,Vaso Stanley Trigger Mug 350ml Blanco,REGALOS PERSONALIZADOS,Vasos y bebidas,,,0,False,https://disershop.com.uy/vaso-stanley-trigger-mug-350ml-blanco
1922,Vaso de Acero con Tapa y Destapador Negro,Vaso de Acero con Tapa y Destapador Negro,REGALOS PERSONALIZADOS,Vasos y bebidas,389.0,972.5,0,True,https://disershop.com.uy/emprendedores/sublimables/metálicos/vaso-de-acero-con-tapa-y-destapador-negro
1923,Vaso esmerilado sublimable tapa y sorbito 500ml Verde,Vaso esmerilado sublimable tapa y sorbito 500ml Verde,REGALOS PERSONALIZADOS,Vasos y bebidas,159.0,397.5,1,True,https://disershop.com.uy/emprendedores/sublimables/jarros-emprendedores/botella-esmerilada-tapa-bamboo-y-sorbito-500ml-verde-vaso
2772,Vaso plastico nacional mini sport,Vaso plastico nacional mini sport,REGALOS PERSONALIZADOS,Vasos y bebidas,,,0,False,https://disershop.com.uy/index.php?route=product/product&product_id=20624
2773,Vaso sublimable esmerilado 500ml,Vaso sublimable esmerilado 500ml,REGALOS PERSONALIZADOS,Vasos y bebidas,,,0,False,https://disershop.com.uy/emprendedores/sublimables/jarros-emprendedores/vaso-sublimable-esmerilado-500ml
1924,Vaso termo cromático x10 SLB03 AMARILLO,Vaso termo cromático x10 SLB03 AMARILLO,REGALOS PERSONALIZADOS,Vasos y bebidas,490.0,1225.0,0,True,https://disershop.com.uy/nuevos/vaso-termo-cromático-x10-amarillo
1925,Vaso termo cromático x10 SLB03 CELESTE,Vaso termo cromático x10 SLB03 CELESTE,REGALOS PERSONALIZADOS,Vasos y bebidas,490.0,1225.0,1,True,https://disershop.com.uy/cibermayorista-en-disershop/10-off/vaso-termo-cromático-x10-celeste
1926,Vaso termo cromático x10 SLB03 FUCSIA,Vaso termo cromático x10 SLB03 FUCSIA,REGALOS PERSONALIZADOS,Vasos y bebidas,490.0,1225.0,1,True,https://disershop.com.uy/cibermayorista-en-disershop/10-off/vaso-termo-cromático-x10-fucsia
1927,Vaso termo cromático x10 SLB03 NARANJA,Vaso termo cromático x10 SLB03 NARANJA,REGALOS PERSONALIZADOS,Vasos y bebidas,490.0,1225.0,0,True,https://disershop.com.uy/emprendedores/vasos-todos/vaso-termo-cromático-x10-naranja
1928,Vaso termo cromático x10 SLB03 VERDE,Vaso termo cromático x10 SLB03 VERDE,REGALOS PERSONALIZADOS,Vasos y bebidas,490.0,1225.0,1,True,https://disershop.com.uy/cibermayorista-en-disershop/10-off/vaso-termo-cromático-x10-verde
2774,Vaso vidrio nacional es mas,Vaso vidrio nacional es mas,REGALOS PERSONALIZADOS,Vasos y bebidas,,,0,False,https://disershop.com.uy/index.php?route=product/product&product_id=20616
589,"Caja 36 jarros sublimables ""A"" c/caja (SU-MG-01-36)","Caja 36 jarros sublimables ""A"" c/caja (SU-MG-01-36)",SUBLIMACIÓN,Tazas para sublimar,1044.0,2610.0,1,True,https://disershop.com.uy/sublimacion-todo/jarros-sublimables/jarros-blancos/caja-36-jarros-sublimables-a-con-caja
590,Caja 36 jarros sublimables Promo,Caja 36 jarros sublimables Promo,SUBLIMACIÓN,Tazas para sublimar,990.0,2475.0,0,True,https://disershop.com.uy/emprendedores/sublimables/jarros-emprendedores/caja-36-jarros-sublimables-promo
